filename,rmse,spectral_centroid,spectral_bandwidth,rolloff,zero_crossing_rate,mfcc1,mfcc2,mfcc3,mfcc4,mfcc5,mfcc6,mfcc7,mfcc8,mfcc9,mfcc10,mfcc11,mfcc12,mfcc13,mfcc14,mfcc15,mfcc16,mfcc17,mfcc18,mfcc19,mfcc20,mfcc21,mfcc22,mfcc23,mfcc24,mfcc25,mfcc26,mfcc27,mfcc28,mfcc29,mfcc30,mfcc31,mfcc32,mfcc33,mfcc34,mfcc35,mfcc36,mfcc37,mfcc38,mfcc39
A_Close (1).wav,0.04008267819881439,1577.3833494943142,1601.4482825297268,2793.2601928710938,0.08812713623046875,-343.94281005859375,137.51852416992188,2.1910204887390137,26.916444778442383,1.368100643157959,31.984790802001953,-13.310705184936523,14.367934226989746,-14.378982543945312,-10.363645553588867,-6.547624111175537,-9.196966171264648,5.169912338256836,-4.351348876953125,10.84337043762207,-7.14116096496582,2.062242031097412,1.661628246307373,5.394379615783691,-6.08213996887207,-0.08734691143035889,4.160472393035889,-8.02321720123291,7.830149173736572,-8.583620071411133,-2.60878324508667,-5.062552452087402,-4.629100322723389,-1.646817922592163,-3.042259931564331,-3.6219656467437744,-5.59173059463501,7.908392906188965,-4.965854644775391,-6.560092926025391,0.06821005046367645,1.9070184230804443,-1.4723010063171387,-2.7976884841918945
A_Close (2).wav,0.03264300152659416,1366.696145707394,1662.098871893778,2703.5503186677633,0.0595788788377193,-362.84716796875,130.38990783691406,11.021432876586914,21.010671615600586,4.904006481170654,32.54096984863281,-4.697302341461182,8.724905967712402,-12.552713394165039,-12.990752220153809,-2.148515462875366,2.486973285675049,6.566313743591309,-7.652409076690674,4.040755748748779,-4.971855640411377,-0.008391564711928368,-1.5643891096115112,4.124524116516113,-3.1941077709198,3.0151846408843994,5.457700729370117,-9.557259559631348,7.015345573425293,-5.9290690422058105,-1.4251224994659424,0.5492322444915771,-5.029269218444824,-1.4051907062530518,-1.936856985092163,-0.45909154415130615,-6.74693489074707,2.912883758544922,1.3734568357467651,-5.185576438903809,-3.169860363006592,0.19769272208213806,-1.1454598903656006,-4.3006911277771
A_Close (3).wav,0.03172251954674721,1379.388269283564,1572.3118501051254,2657.494275323276,0.06846881734913793,-372.0342712402344,127.48302459716797,9.57557201385498,21.4611873626709,3.1923577785491943,35.28803634643555,-2.5577166080474854,9.726059913635254,-11.75659465789795,-11.154102325439453,-3.616804599761963,-3.01289701461792,4.230575084686279,-5.7229461669921875,6.430553913116455,-5.766626834869385,2.401995897293091,0.0009540689643472433,-0.494555801153183,-3.1211283206939697,0.5481352210044861,3.6408612728118896,-6.246264457702637,3.1528007984161377,-7.024204730987549,-2.7992751598358154,0.05229850485920906,-3.2579493522644043,-4.636684894561768,-1.5314440727233887,-0.27896901965141296,-4.1435747146606445,1.0141096115112305,-4.05647087097168,-1.866943597793579,-1.6057335138320923,0.9771322011947632,1.2385079860687256,-2.8670778274536133
A_Close (4).wav,0.03814883530139923,1496.1883601605678,1665.629173166687,2760.6148384712837,0.0728198902027027,-339.3319091796875,143.7275848388672,2.142097234725952,22.951496124267578,-3.447856903076172,30.95692253112793,-16.085752487182617,18.338773727416992,-11.716730117797852,-12.065608978271484,-6.181270122528076,-6.440751552581787,7.1696977615356445,-9.314045906066895,8.403165817260742,-7.847990989685059,2.2263877391815186,-0.5757953524589539,-2.0006539821624756,-7.769565105438232,0.11376659572124481,5.717222213745117,-9.536758422851562,3.6616721153259277,-8.22912311553955,-0.6153238415718079,0.06891000270843506,-3.059488534927368,-2.6903979778289795,-3.2210679054260254,-1.5166698694229126,-1.966992735862732,0.6689275503158569,-5.155949592590332,2.795839786529541,-3.386082887649536,-0.7058897018432617,-0.6206417083740234,-2.904480457305908
A_Close (7).wav,0.05540554225444794,1388.6925365934749,1524.5115531687245,2609.601461476293,0.07840281519396551,-304.461669921875,147.4886016845703,-3.716033935546875,23.58106231689453,4.764489650726318,23.902769088745117,-20.68927764892578,4.94919490814209,-15.10130786895752,-13.68519115447998,-6.48809814453125,-8.819527626037598,3.169034719467163,-3.628472328186035,5.651102066040039,-5.8534698486328125,1.3378913402557373,-2.2399158477783203,3.345776319503784,-5.2767181396484375,-3.88183331489563,5.046099662780762,-3.3635640144348145,-1.2069718837738037,-6.337259769439697,-1.6198456287384033,-7.444797992706299,-1.5610668659210205,-6.540634632110596,-2.9398725032806396,-2.202197790145874,-5.821377754211426,5.524572372436523,-5.7650957107543945,-3.189502477645874,-2.394024610519409,-1.7397112846374512,-3.003119468688965,-1.0628641843795776
A_Close (8).wav,0.03661947324872017,1215.1490552167886,1562.27175861312,2419.1859091481856,0.047875189012096774,-363.5990905761719,141.05697631835938,2.7723987102508545,21.446765899658203,10.28292465209961,28.754045486450195,-7.065375328063965,9.958403587341309,-14.96604061126709,-11.95425796508789,-2.7537412643432617,-6.309182167053223,0.9524133205413818,-3.213242530822754,7.5506720542907715,-3.2919418811798096,1.441145420074463,-2.6441738605499268,4.005894184112549,-1.9412058591842651,-0.5246939659118652,2.983309030532837,-5.8810834884643555,1.38881516456604,-5.72819185256958,-0.7185360193252563,-3.857254981994629,-0.28207501769065857,-2.8259894847869873,-1.505386233329773,-0.06519811600446701,-3.811947822570801,5.037290573120117,-4.0752058029174805,-1.3577766418457031,-2.014464855194092,-3.248365879058838,-3.2043633460998535,-1.9741008281707764
A_Close (9).wav,0.03720293194055557,1350.4865861915412,1567.911656590418,2541.959897933468,0.0647917716733871,-351.8357849121094,139.98350524902344,-1.5425987243652344,17.764602661132812,8.538247108459473,33.804203033447266,-8.551122665405273,5.112241268157959,-16.91950798034668,-12.994528770446777,-6.056419849395752,-4.738473892211914,3.897085666656494,-2.65340256690979,5.756695747375488,-6.213608741760254,2.0605976581573486,-0.09544730931520462,8.413263320922852,-2.9656739234924316,-0.9677525162696838,-0.5390467047691345,-8.757100105285645,6.319465160369873,-7.5994744300842285,-1.1289159059524536,-4.910949230194092,-2.6459250450134277,-3.098881959915161,-2.994884729385376,2.0226175785064697,-5.050169467926025,4.591768264770508,-5.067166805267334,-5.334523677825928,-0.6696863770484924,-1.502431035041809,-0.2821962237358093,-1.3954284191131592
A_Open (1).wav,0.02845924347639084,1365.4877139363514,1668.843789143746,2735.7520470252402,0.05953275240384615,-360.20794677734375,148.36233520507812,-3.4168283939361572,33.29415512084961,0.4938046336174011,35.29048538208008,-17.487688064575195,16.409055709838867,-12.749624252319336,-9.871599197387695,-6.857933044433594,-10.412819862365723,4.819941520690918,-7.206014633178711,10.941537857055664,-4.155352592468262,5.0833916664123535,-0.3664710223674774,4.682162284851074,-8.227492332458496,-3.3532254695892334,4.961836814880371,-6.170410633087158,8.971884727478027,-5.757224082946777,-0.8533840179443359,-2.0780584812164307,0.7845789790153503,-2.9592275619506836,-2.4274611473083496,-1.0742652416229248,-4.290022850036621,5.026595592498779,-5.525367259979248,-3.093742609024048,-3.6145999431610107,-1.1461657285690308,-0.7994550466537476,-0.0031641446985304356
A_Open (10).wav,0.021631969138979912,1395.2451807926534,1694.3560019803108,2899.0244989809785,0.06623216711956521,-406.2437744140625,111.91527557373047,12.48311996459961,28.75592041015625,11.689756393432617,21.098310470581055,-5.738296031951904,6.18999719619751,-6.046998977661133,-4.5747809410095215,-1.6775431632995605,-4.561356067657471,2.4925789833068848,-0.7201468348503113,7.718388557434082,-1.6360450983047485,0.11832679808139801,-0.7263662219047546,1.497008204460144,-5.686041355133057,-3.9998934268951416,3.115840435028076,-1.102460503578186,2.3554129600524902,-4.641541957855225,0.425797700881958,-2.508711576461792,-2.3954553604125977,-2.205779552459717,-3.0729403495788574,-0.5284386873245239,-4.558554649353027,3.177346706390381,1.1669158935546875,-2.458172082901001,-0.943641722202301,-0.4882400929927826,-2.1754579544067383,-0.7562797665596008
A_Open (2).wav,0.024421172216534615,1184.2060778381235,1394.1528894186554,2155.2391127784654,0.05731745049504951,-404.8933410644531,153.43719482421875,6.491534233093262,21.15283203125,10.744539260864258,26.09372901916504,-11.673645973205566,7.383603096008301,-4.847386837005615,-1.7837238311767578,1.09158194065094,-5.152536392211914,3.4324769973754883,-0.8620856404304504,9.344057083129883,-6.666508197784424,-5.764171123504639,-1.0370715856552124,1.9780445098876953,-5.349799156188965,-3.141517162322998,1.5306793451309204,-2.9262773990631104,-0.30478835105895996,-4.816690444946289,0.9668687582015991,-5.305623531341553,-1.3895267248153687,-3.6894114017486572,-1.6967846155166626,0.3129081130027771,-5.272271156311035,1.852484107017517,-5.435002326965332,-4.14479398727417,-1.6255455017089844,1.3055042028427124,-1.62700355052948,0.1335311084985733
A_Open (3).wav,0.016943765804171562,1190.376154335199,1467.8729273354156,2318.408203125,0.054175283394607844,-412.271484375,157.88015747070312,-1.091990351676941,32.272438049316406,1.734801173210144,27.23288917541504,-11.210185050964355,11.085104942321777,-5.132261753082275,-5.448995590209961,-2.1138288974761963,-6.014820098876953,7.598177433013916,-2.7905433177948,8.097742080688477,-3.299208641052246,-0.4410754144191742,1.1160659790039062,4.844119548797607,-7.832870006561279,-2.7916903495788574,3.864436388015747,-5.181187629699707,3.53157377243042,-7.386422157287598,1.8811928033828735,-1.3433254957199097,-0.9675285220146179,-1.509061336517334,-2.947676181793213,0.49692273139953613,-5.063484191894531,5.613640308380127,0.5653858780860901,-1.9105534553527832,-3.3415839672088623,-2.305765151977539,-2.958211660385132,-2.1905717849731445
A_Open (5).wav,0.02336745895445347,1280.2942481043897,1616.9782067010774,2555.63232421875,0.052718098958333334,-393.01470947265625,147.96728515625,0.02911575697362423,29.52633285522461,-4.473813056945801,33.896121978759766,-9.5206298828125,15.269408226013184,-6.219484806060791,-5.935311794281006,-1.704164981842041,-8.221670150756836,5.491018295288086,-5.313281536102295,7.476646900177002,-4.890749931335449,-0.48329946398735046,0.2908982038497925,5.960258960723877,-7.978515625,-4.1648173332214355,4.605390548706055,-5.725525856018066,6.810679912567139,-4.852144718170166,-1.7227410078048706,1.9063588380813599,2.6493964195251465,-3.157247304916382,-0.6991969347000122,1.044919490814209,-4.9832868576049805,2.542910575866699,-3.6299798488616943,-3.362527370452881,-1.617078185081482,-1.9142553806304932,-1.9661847352981567,2.460261106491089
A_Open (6).wav,0.02420334704220295,1416.595712768531,1596.8196668713267,2827.9614929759173,0.07978694810779817,-349.7194519042969,143.2704315185547,-20.32971954345703,38.70762634277344,2.8942809104919434,26.625154495239258,-14.724699020385742,13.571910858154297,-9.122053146362305,-10.202770233154297,-2.9520342350006104,-4.80450963973999,8.78555965423584,-3.813430070877075,7.176271915435791,-6.284161567687988,-0.3686949908733368,-3.5230305194854736,2.5250682830810547,-5.535238742828369,-0.40671306848526,8.416086196899414,-6.609314918518066,1.8779335021972656,-3.3323588371276855,2.144598960876465,-2.820524215698242,-1.7570334672927856,-3.2261486053466797,-3.5433013439178467,-0.967410683631897,-3.0102407932281494,1.757393479347229,-3.514137029647827,0.6166095733642578,-2.453632116317749,1.0374665260314941,-2.4356346130371094,-1.1849374771118164
A_Open (9).wav,0.023040100932121277,1388.6521139733136,1700.8008129883212,2899.560783904733,0.060599021541262135,-410.8173522949219,128.21951293945312,6.707934856414795,34.96333694458008,5.928086757659912,28.619808197021484,-9.79299259185791,12.620349884033203,-6.002683162689209,-4.53842830657959,-2.230628490447998,-9.08220100402832,6.013271331787109,1.8796958923339844,12.079315185546875,-2.1333417892456055,1.8378980159759521,-0.2034430205821991,5.536726951599121,-5.281096935272217,-5.797050952911377,4.69840145111084,-3.432615041732788,3.6284780502319336,-3.092270851135254,4.5862650871276855,-2.4552621841430664,-0.7345778942108154,1.358522891998291,-5.429257392883301,-1.3415915966033936,-6.301630973815918,0.09624465554952621,-0.4385536313056946,-1.8399567604064941,-1.1482007503509521,-1.25709068775177,-3.771853446960449,-0.17763882875442505
A_Random (1).wav,0.030339790508151054,1233.0137555383712,1504.318762049366,2514.4908558238635,0.05050011837121212,-365.7544860839844,144.8649444580078,-0.2817607820034027,23.109651565551758,9.269560813903809,24.147619247436523,-7.550601005554199,6.399724006652832,-14.076313972473145,-8.709389686584473,-2.1459462642669678,-5.62567138671875,4.497900009155273,-4.1663126945495605,6.919061660766602,-6.374629497528076,-5.036839008331299,0.13391812145709991,0.8919536471366882,-5.195252895355225,-4.227441310882568,-2.152650833129883,-4.042891979217529,2.0447945594787598,-4.029789447784424,-0.9132682681083679,-5.637386798858643,-3.4780235290527344,-5.956723690032959,-3.3741002082824707,-0.7900466322898865,-5.738342761993408,4.385224342346191,0.27610576152801514,-3.4884033203125,-1.355539083480835,-2.092315673828125,-5.000020980834961,-0.7421889305114746
A_Random (13).wav,0.025708762928843498,1202.955781831832,1471.338047473489,2286.6304154829545,0.05641867897727273,-381.8404235839844,145.61785888671875,6.871510028839111,16.306547164916992,11.499220848083496,30.158893585205078,-9.938165664672852,-0.468551367521286,-12.8203706741333,-4.164536476135254,-5.040915012359619,-4.420263767242432,6.600759983062744,0.28015533089637756,9.818432807922363,-0.3306412398815155,4.198973655700684,-6.118245601654053,-0.9886656403541565,-3.055447578430176,-7.646296501159668,-1.6772617101669312,-4.330832481384277,1.9180737733840942,-1.8062974214553833,-0.3229869604110718,-4.957154750823975,-1.1761789321899414,-4.986910820007324,-1.898716926574707,1.047620415687561,-3.397784471511841,3.0729587078094482,-1.4841599464416504,-0.9655815958976746,-3.3276474475860596,-1.0287617444992065,-1.5543391704559326,-0.779977023601532
A_Random (14).wav,0.03022717498242855,1068.0777421905457,1381.7041632236712,1905.029296875,0.04651626275510204,-368.4869689941406,171.9515380859375,-0.6789657473564148,23.066211700439453,-1.3905032873153687,26.06895637512207,-13.95931339263916,6.949786186218262,-11.619001388549805,-4.252829074859619,-8.829655647277832,-12.454124450683594,9.108129501342773,1.4795013666152954,9.956793785095215,0.7816465497016907,2.7056667804718018,-8.90722942352295,2.2620415687561035,-7.200450897216797,-5.78231954574585,1.3460450172424316,-7.446422576904297,1.2217053174972534,-4.156533241271973,3.5510551929473877,-9.182658195495605,0.12748590111732483,-1.446610450744629,-2.9100098609924316,2.887829303741455,-6.294177055358887,6.2521467208862305,-3.2139241695404053,-5.579254627227783,-2.1533589363098145,-1.568772315979004,-3.6171765327453613,1.4587061405181885
A_Random (2).wav,0.036607299000024796,1232.2375624131844,1352.1505012836571,2384.595196063702,0.06560809795673077,-342.94061279296875,156.05398559570312,-8.284063339233398,20.115764617919922,15.711033821105957,23.294963836669922,-16.418500900268555,-3.8564748764038086,-9.156278610229492,-4.467382431030273,-7.8910698890686035,-9.593387603759766,0.0259722750633955,1.6557615995407104,9.030759811401367,-6.179514408111572,0.588566780090332,1.1710363626480103,3.6797268390655518,-10.902501106262207,-6.682663917541504,0.5766952037811279,-9.541342735290527,0.3067510426044464,-0.6952145099639893,1.2760626077651978,-5.749555587768555,0.3891949951648712,-0.08559156954288483,-1.0030635595321655,-1.45014488697052,-5.935297966003418,3.687452554702759,-2.7140579223632812,-3.6415891647338867,-2.3314995765686035,-1.8466486930847168,-3.1325745582580566,-0.8246204853057861
A_Random (3).wav,0.028894653543829918,1345.5639495840455,1506.6163250585316,2510.41259765625,0.07993016098484848,-365.6550598144531,150.57464599609375,-18.352567672729492,36.47721481323242,12.444293975830078,24.224010467529297,-17.001405715942383,11.54987907409668,-14.40995979309082,-0.09724252671003342,-4.560904502868652,-8.738914489746094,9.902182579040527,-4.872870922088623,10.956143379211426,-6.478529930114746,-3.002687454223633,-5.173349857330322,4.510749816894531,-7.073405742645264,-7.8308234214782715,1.9419230222702026,-9.807084083557129,2.5516631603240967,0.5811794400215149,1.9358028173446655,-4.504926681518555,2.6505279541015625,0.061949484050273895,-1.1280641555786133,-4.045399188995361,-5.650033473968506,4.541031360626221,-4.504352569580078,-1.7443857192993164,-2.4790117740631104,-1.838342308998108,-3.500152587890625,4.591382026672363
A_Random (4).wav,0.02733730338513851,1221.5220600350794,1287.962204495135,2198.504738729508,0.07688428534836066,-375.58905029296875,169.00363159179688,-17.690425872802734,27.530765533447266,0.6130677461624146,16.747587203979492,-9.164108276367188,12.637104988098145,-9.042317390441895,2.339609146118164,1.8144478797912598,-6.106646537780762,10.124658584594727,-0.7955446839332581,6.37912130355835,-6.810585975646973,-6.705270290374756,-10.547319412231445,1.1714224815368652,-7.187820911407471,-9.664841651916504,-3.3835861682891846,-8.237628936767578,3.994159698486328,-0.1804923117160797,1.0001912117004395,-4.294981479644775,3.0344948768615723,0.10541776567697525,-0.5557416081428528,-3.4720497131347656,-7.086150169372559,3.042330741882324,-3.2705655097961426,0.09737524390220642,-3.4641449451446533,-1.3098595142364502,-3.7775380611419678,-1.8322224617004395
A_Random (7).wav,0.03259700536727905,1112.7054611233732,1391.8108436465775,2214.1799444901317,0.05623458059210526,-374.54449462890625,154.9514617919922,-0.09554941207170486,25.1461238861084,4.595273971557617,18.875139236450195,-14.419700622558594,8.395849227905273,-3.186561346054077,2.855372905731201,-2.3724191188812256,-11.65343952178955,11.412357330322266,-2.41149640083313,0.8299670815467834,-0.3840864896774292,-1.8929095268249512,-6.641250133514404,0.7375480532646179,-5.43992805480957,-7.795635223388672,1.0011522769927979,-4.248485088348389,-1.7462961673736572,3.1015119552612305,0.8906627297401428,-8.217426300048828,4.622631072998047,-2.507988214492798,-3.890324592590332,0.5879925489425659,-5.270574569702148,2.4750165939331055,-1.7699764966964722,-4.565735816955566,-1.7197413444519043,0.6264916062355042,-5.780715465545654,0.194115549325943
A_Random (8).wav,0.02601131796836853,1117.1799938111133,1391.7352380091565,2071.0472250884436,0.0499889445754717,-384.9959716796875,165.08262634277344,-4.812374114990234,29.460535049438477,4.266294002532959,23.712839126586914,-11.086221694946289,7.4239115715026855,-12.229434967041016,-1.0695855617523193,-4.984278678894043,-8.694538116455078,6.888175964355469,-6.255610466003418,13.680930137634277,1.8858038187026978,0.634768009185791,-0.4776708781719208,1.5387048721313477,-11.223628997802734,-6.957321643829346,-0.5282109975814819,-9.214953422546387,3.8368403911590576,-2.8956246376037598,1.9357632398605347,-5.962151527404785,-1.2884474992752075,-0.15668435394763947,-4.494354724884033,0.6303125023841858,-4.828226566314697,4.954452037811279,-0.3451654016971588,-5.750102996826172,-1.5882587432861328,1.4330042600631714,-2.050771951675415,-0.6780925393104553
A_Random (9).wav,0.030598312616348267,1255.1268523325398,1535.340464190566,2522.2412109375,0.054119499362244895,-364.0340270996094,160.1695098876953,-19.063568115234375,40.589054107666016,5.151632308959961,31.043601989746094,-13.71882438659668,8.367732048034668,-17.539167404174805,-4.368221282958984,-7.012187957763672,-8.755990028381348,13.460808753967285,-6.674846649169922,15.929037094116211,0.02209082432091236,-2.2310268878936768,-3.2124390602111816,0.6527861952781677,-8.278860092163086,-6.147826671600342,2.480553388595581,-6.350497722625732,4.300465106964111,-3.0048282146453857,1.874248743057251,-4.428314208984375,0.28161370754241943,-2.9799740314483643,-4.349899768829346,-0.34699881076812744,-5.551147937774658,5.603323936462402,-1.735985279083252,-3.68998122215271,-1.4865609407424927,-0.03804974630475044,-5.072627067565918,-2.093005657196045
A_Random.wav,0.027844106778502464,1201.1043794600116,1441.9725761026298,2279.0660930129716,0.05698150058962264,-381.2590026855469,160.32138061523438,-8.811736106872559,33.14044189453125,10.656367301940918,27.124311447143555,-14.93333911895752,2.428455352783203,-14.016647338867188,0.5863634943962097,-3.3443684577941895,-7.211207389831543,7.837702751159668,-2.2724900245666504,13.59035873413086,-4.567844867706299,-0.6747936010360718,-5.383442401885986,4.01213264465332,-3.2732226848602295,-10.769882202148438,0.8280028104782104,-6.819777488708496,-0.3827594518661499,-3.72853684425354,1.0615228414535522,-4.937361240386963,1.1596851348876953,-0.7273851037025452,-4.223286151885986,0.22296582162380219,-1.6907918453216553,6.030475616455078,-2.6295888423919678,-5.078580856323242,-5.605954170227051,-0.6498070359230042,-3.3091609477996826,-1.4812219142913818
M_Close (1).wav,0.014666677452623844,1412.4250736663266,1792.1666235468451,2859.3738555908203,0.05309295654296875,-497.0105285644531,111.73956298828125,17.119253158569336,41.79269790649414,0.8165184259414673,22.047195434570312,-5.753090858459473,11.787928581237793,2.2577755451202393,-0.0461268424987793,-2.466836452484131,9.962263107299805,11.688111305236816,-2.881742000579834,8.739521980285645,-2.3763132095336914,9.245264053344727,-2.2031400203704834,-1.8790667057037354,-5.105879783630371,-2.5997369289398193,1.1460838317871094,-2.6704444885253906,3.2862236499786377,-10.200029373168945,2.2880499362945557,-2.4729695320129395,-2.7743234634399414,-2.105149269104004,-3.2812118530273438,-1.4078491926193237,-4.963499069213867,1.6110872030258179,-3.7093160152435303,0.08836622536182404,-4.874991416931152,-4.099931716918945,-1.7139592170715332,-1.4442124366760254
M_Close (3).wav,0.019399480894207954,1506.1419709640572,1899.8768432334946,3345.879767922794,0.05283969056372549,-463.5872497558594,110.36219024658203,19.367080688476562,38.686500549316406,-10.916528701782227,23.522741317749023,5.698368549346924,13.719195365905762,-3.046262741088867,-8.15786075592041,-11.472639083862305,7.076616287231445,9.60103702545166,-0.8401105403900146,8.39918041229248,-1.407225251197815,8.169882774353027,-2.0915424823760986,-0.7168115973472595,-6.324801445007324,-3.230907678604126,-3.6840291023254395,-2.7581350803375244,1.3661423921585083,-10.835356712341309,4.613546848297119,-3.7251696586608887,-0.18165996670722961,-3.006530523300171,-2.616670846939087,-4.586242198944092,-3.800130844116211,2.9870269298553467,-5.213028430938721,1.8243054151535034,-7.770873546600342,-2.3770923614501953,-0.9065530896186829,-3.32584547996521
M_Close (4).wav,0.02061280980706215,1423.229662717953,1871.1337017142805,3256.77734375,0.050238715277777776,-460.7148742675781,108.75169372558594,19.354429244995117,36.6192512512207,-10.85499095916748,20.071460723876953,0.250549852848053,7.935916423797607,1.2590821981430054,-3.7146170139312744,-7.785207271575928,11.405685424804688,13.832571983337402,-3.477120876312256,5.716259956359863,-4.713160991668701,2.5686957836151123,-5.786273956298828,-1.3314123153686523,-3.1754872798919678,-4.583351135253906,-1.9314168691635132,-3.9847373962402344,0.49654269218444824,-10.99966049194336,1.0594046115875244,-3.288930654525757,-3.820430278778076,-4.299928665161133,-4.237071990966797,-2.982513666152954,-3.2431302070617676,4.3023786544799805,-3.8715999126434326,2.6155285835266113,-2.796757221221924,-4.3550028800964355,-1.8469836711883545,-2.4430572986602783
M_Close (5).wav,0.01248390506953001,1371.400676654035,1868.4017400140144,3149.1717998798076,0.044557005494505496,-512.2168579101562,75.10070037841797,19.91474723815918,31.4577693939209,8.85950756072998,19.90024757385254,11.881637573242188,11.789450645446777,5.844886779785156,3.4759325981140137,-1.1643123626708984,8.17907428741455,9.55457592010498,-2.160787343978882,3.4290778636932373,0.8443912267684937,3.1965177059173584,-1.2610279321670532,0.1260671317577362,-5.0829057693481445,-5.358384132385254,-1.7882839441299438,-3.2441070079803467,-0.28706929087638855,-5.482973098754883,1.2490262985229492,-0.07979031652212143,-0.34214842319488525,0.2699321508407593,-0.7647803425788879,-0.2873023450374603,-1.4007521867752075,1.8217835426330566,-2.252331018447876,-0.13683639466762543,-2.8639297485351562,-3.801255702972412,0.031407564878463745,-0.6643560528755188
M_Close (7).wav,0.011220740154385567,1449.594413180671,1935.7278680781078,3498.5121783088234,0.047673483455882355,-529.4500122070312,86.70039367675781,20.940547943115234,36.882972717285156,9.494396209716797,23.330713272094727,6.691501617431641,9.568381309509277,4.975265026092529,-0.06246532127261162,-4.1746907234191895,7.030594348907471,7.789865970611572,-4.355844497680664,5.088130474090576,1.1613975763320923,5.063119888305664,-0.7135835289955139,-1.2403616905212402,-4.533690452575684,-3.77728271484375,-0.007017677184194326,-3.235464334487915,-2.1729469299316406,-5.564509868621826,2.2035372257232666,-1.4803451299667358,-2.8402814865112305,-1.9380422830581665,0.9937330484390259,1.025175929069519,-1.028568983078003,2.347104072570801,-1.852245569229126,1.6179423332214355,-3.2534000873565674,-2.4046664237976074,0.9832247495651245,-1.2551183700561523
M_Close (8).wav,0.015042094513773918,1805.7163647982406,1948.7958752509157,3935.44921875,0.07123480902777778,-480.28106689453125,92.00224304199219,15.522015571594238,36.01171112060547,-5.911170959472656,14.084792137145996,-0.8268699645996094,6.103508472442627,-0.43640387058258057,-3.5924232006073,-6.114657878875732,12.400501251220703,13.668171882629395,0.10340187698602676,7.578862190246582,-3.7831406593322754,2.678053617477417,-3.9379727840423584,-2.4878621101379395,-7.599339008331299,-4.175261497497559,-2.3265137672424316,-3.337275266647339,0.6501942276954651,-9.585914611816406,1.6069871187210083,-2.6045925617218018,-3.552269697189331,-6.473550319671631,-3.234595775604248,-2.634812116622925,-3.905221700668335,2.0446836948394775,-5.669536590576172,1.32091224193573,-4.818064212799072,-3.998781681060791,-1.1149463653564453,-3.659385919570923
M_Close (9).wav,0.010114975273609161,1594.769039164717,2005.4888150428258,3832.568359375,0.05804346478174603,-534.216064453125,104.29511260986328,17.010412216186523,34.691864013671875,-6.845058441162109,20.122785568237305,-4.361066818237305,10.861247062683105,1.7264864444732666,4.411126613616943,1.9714531898498535,5.73102331161499,10.513224601745605,-1.5301839113235474,3.503587484359741,-6.39793586730957,4.838162899017334,-3.8931875228881836,-0.3045145571231842,-4.601467132568359,-3.966066837310791,-1.2736101150512695,-5.606035232543945,-0.047319911420345306,-9.377548217773438,-0.38096630573272705,-4.8627543449401855,-3.04205584526062,-3.9178600311279297,-1.2209293842315674,-3.0882890224456787,-6.076028823852539,1.6603590250015259,-5.859679698944092,0.8382067084312439,-4.971231937408447,-4.951438903808594,-2.5309536457061768,-2.4174225330352783
M_Open (1).wav,0.0188762154430151,1491.6220582090857,1797.7886381676926,3185.7807360197367,0.06010142543859649,-454.4336853027344,98.02685546875,17.732786178588867,31.742385864257812,-5.298094749450684,11.646249771118164,-4.051793575286865,3.27561092376709,6.2055230140686035,-3.664264678955078,-10.35837173461914,9.12932300567627,9.194594383239746,-0.15505626797676086,8.904535293579102,-2.6698904037475586,2.5062623023986816,-4.168132305145264,-2.184239387512207,-5.699800491333008,-7.4273362159729,-4.169727325439453,-4.447996616363525,0.8224679231643677,-8.564435958862305,-1.6252386569976807,-1.4469722509384155,-3.5271453857421875,-4.61346960067749,-6.177160739898682,-5.629105091094971,-3.2163045406341553,0.16919945180416107,-1.527854084968567,1.468613624572754,-1.581281304359436,2.358825922012329,2.4018375873565674,1.6360399723052979
M_Open (10).wav,0.01983899623155594,1504.6341699855614,1894.307102560522,3558.0451516544117,0.05797143075980392,-467.6802978515625,113.93997192382812,10.59697437286377,36.074092864990234,-8.664392471313477,18.817934036254883,-8.275134086608887,5.659066677093506,4.5858473777771,-2.412835121154785,-9.20020580291748,10.148850440979004,11.547104835510254,-3.6718034744262695,10.518494606018066,-3.125049352645874,4.000533580780029,-6.765060901641846,-3.2292282581329346,-4.60223913192749,-6.631412506103516,-2.3468360900878906,-4.581184387207031,0.2203378528356552,-10.341712951660156,-1.8710882663726807,-3.4430129528045654,-2.661877393722534,-4.997843265533447,-5.547039031982422,-4.899959564208984,-4.000139236450195,1.5030869245529175,-2.5790278911590576,1.660158634185791,-4.205772876739502,-1.5019536018371582,-0.8716472387313843,-0.266587495803833
M_Open (3).wav,0.011761805042624474,1556.582647713749,1983.5350797754888,3781.9713961693546,0.05964381720430108,-518.191650390625,90.3465347290039,24.90770721435547,38.760894775390625,-0.1633552461862564,9.86751651763916,-2.533742666244507,9.825572967529297,9.866700172424316,3.0341708660125732,-4.28160285949707,8.945989608764648,3.62585711479187,-2.874539375305176,12.155733108520508,-3.6002519130706787,3.5992655754089355,-1.271626353263855,-1.0692709684371948,-5.248210430145264,-6.8082733154296875,-2.978411912918091,-6.886732578277588,5.13521146774292,-4.60465669631958,-2.2390027046203613,-0.6879214644432068,-2.902360200881958,-2.332659959793091,-4.714085102081299,-2.6728873252868652,-4.421721935272217,-1.4228837490081787,-2.5102694034576416,-1.2100733518600464,-1.822404384613037,-0.25159958004951477,-0.4637337923049927,-1.3263801336288452
M_Open (4).wav,0.013299758546054363,1357.025967256765,1849.1373814925423,3176.2854942908652,0.04192332732371795,-511.6067199707031,104.29684448242188,24.384998321533203,39.89854431152344,-5.145190715789795,6.853976726531982,-0.8330127000808716,10.512269020080566,11.197705268859863,9.115092277526855,-0.17876853048801422,10.59749698638916,8.914326667785645,0.4046475887298584,15.38839340209961,-4.116243362426758,1.4810433387756348,2.311368703842163,2.6554806232452393,-0.5125116109848022,-4.714166164398193,-1.0101640224456787,-5.487732410430908,3.3023931980133057,-3.320753335952759,-4.710104942321777,-3.9281280040740967,-1.3766608238220215,0.3785535991191864,-3.0160675048828125,-2.300720691680908,-1.4067434072494507,2.036036968231201,0.8678520321846008,1.072643756866455,-0.12444671243429184,1.8297377824783325,1.1803022623062134,2.9724833965301514
M_Open (6).wav,0.01424574013799429,1397.974801448583,1882.9169161983832,3249.5561079545455,0.04749644886363636,-495.7406311035156,110.17762756347656,21.990922927856445,39.20381164550781,-11.132314682006836,10.294909477233887,-11.103753089904785,6.49330997467041,12.29109001159668,5.384450435638428,-5.735320568084717,11.407872200012207,10.565960884094238,-4.897295951843262,11.852374076843262,-6.891193389892578,2.9484381675720215,-0.3153785765171051,-0.1359182894229889,-1.3911420106887817,-5.161098480224609,-1.254826307296753,-8.333593368530273,-0.29131701588630676,-11.395195007324219,-6.32737922668457,-3.0244345664978027,-2.087369680404663,0.5740167498588562,-4.608695030212402,-3.8257858753204346,-4.120954990386963,0.9641937017440796,-2.7441039085388184,-3.4185338020324707,-2.798640012741089,-1.0455528497695923,0.39703458547592163,1.3843402862548828
M_Open (7).wav,0.019136536866426468,1262.529600861948,1721.8728488228617,2718.8153545673076,0.03879957932692308,-469.4701232910156,113.57302856445312,19.125585556030273,41.78026580810547,-2.957932233810425,9.982696533203125,-2.249586820602417,9.786651611328125,9.957971572875977,1.1463475227355957,-10.934043884277344,8.439946174621582,5.872713088989258,-3.097184896469116,10.78913402557373,-6.806369781494141,2.6871166229248047,-2.476128578186035,-1.316870093345642,-6.606254577636719,-6.047508239746094,-3.952517509460449,-7.413100242614746,0.06714826077222824,-12.58818244934082,-0.9068659543991089,-2.252488374710083,-2.780937910079956,-2.7104568481445312,-6.563704967498779,-2.9210901260375977,-3.6566481590270996,1.5078638792037964,-1.7957831621170044,1.3807040452957153,-0.11241113394498825,4.045710563659668,4.285923480987549,1.570389986038208
M_Open (8).wav,0.01353903952986002,1222.4567100930296,1790.9756045120835,2719.212890625,0.036419270833333336,-499.64239501953125,104.47988891601562,29.393815994262695,35.79492950439453,7.260249614715576,18.971485137939453,1.9271187782287598,7.399808883666992,11.207406997680664,5.029306411743164,-3.941896677017212,10.933646202087402,8.174513816833496,-0.7131071090698242,9.320653915405273,-2.446814775466919,5.099654197692871,-1.474341869354248,-3.1384894847869873,-4.98076057434082,-4.75527811050415,-0.6629099249839783,-4.442513465881348,-0.8401466012001038,-8.484643936157227,-1.5441163778305054,-0.9119169116020203,-1.8627794981002808,-1.2405147552490234,-2.9008138179779053,-3.2831811904907227,-4.803918361663818,0.5428239703178406,-0.21415555477142334,0.6612072587013245,-3.5598628520965576,-0.17617015540599823,4.368561744689941,2.975621223449707
M_Random (10).wav,0.028313439339399338,1183.0203752809496,1510.8049180914145,2420.33203125,0.051357421875,-397.55157470703125,130.96868896484375,16.321170806884766,27.672992706298828,7.230208873748779,20.526350021362305,-12.201188087463379,4.5402092933654785,-5.322566509246826,-14.276262283325195,-6.052802562713623,1.904261827468872,7.977667808532715,-5.449824333190918,5.290143013000488,-2.060096025466919,0.9595879912376404,3.628096580505371,-2.444689989089966,-2.891892433166504,-1.9317333698272705,-2.8786098957061768,0.6324097514152527,2.0415968894958496,-5.190584659576416,3.452669143676758,-2.453794002532959,-4.2500762939453125,-4.941913604736328,-7.428262233734131,-3.152423620223999,-1.1252020597457886,-1.9368951320648193,-7.421696186065674,-0.885270893573761,-1.695906400680542,1.5183247327804565,1.7815546989440918,1.3911921977996826
M_Random (11).wav,0.02650156058371067,1076.619547530394,1436.8819733093278,2097.5589581389927,0.04076055270522388,-408.51129150390625,130.61276245117188,20.753263473510742,23.046348571777344,14.503138542175293,17.113941192626953,-11.185413360595703,-1.9812036752700806,-9.756766319274902,-9.408307075500488,-4.163604259490967,-0.8695095777511597,4.2543230056762695,-2.4231035709381104,6.880934715270996,-3.7796308994293213,-3.458993673324585,0.636603057384491,-2.152683973312378,-0.641523540019989,2.3037655353546143,-1.6154495477676392,-3.078092098236084,-0.601806104183197,-8.708279609680176,0.39342692494392395,-0.37431222200393677,-5.668407440185547,-4.958261966705322,-5.683263301849365,-2.2522120475769043,-4.345068454742432,-6.10412073135376,-5.731264114379883,-0.7041553854942322,-1.772660493850708,-1.3380900621414185,0.8065468668937683,0.45395150780677795
M_Random (13).wav,0.016971617937088013,716.0923643461788,1120.633909667563,1221.090177210366,0.030142435213414635,-465.2738037109375,174.2821502685547,16.88245964050293,20.30440902709961,10.402201652526855,19.192508697509766,-1.8411622047424316,3.2356300354003906,-6.989978313446045,-3.805300712585449,-2.563917636871338,0.0962609052658081,9.784520149230957,-3.405569314956665,3.9352331161499023,-0.5622004270553589,1.4399312734603882,-0.70574951171875,-1.2445191144943237,1.4239333868026733,-1.7523521184921265,1.450980544090271,-2.1691653728485107,-0.5551996827125549,-2.843735694885254,1.6315268278121948,0.34372514486312866,-3.6367626190185547,-1.2362345457077026,-5.756999492645264,-3.919398546218872,-1.189780354499817,-4.525745868682861,-3.74593448638916,-2.5339834690093994,-4.550524711608887,0.3407202661037445,-1.6798043251037598,-1.616953730583191
M_Random (14).wav,0.016144411638379097,1106.1978315000067,1488.8714079574156,2314.3299449573865,0.04015003551136364,-434.7506103515625,131.6591033935547,23.749149322509766,27.65207862854004,7.343942165374756,25.509124755859375,2.0348830223083496,-0.5608431696891785,-9.356233596801758,-5.769630432128906,0.03731150180101395,2.6676292419433594,7.071290969848633,0.12075445801019669,6.149956703186035,-2.0264739990234375,0.36492225527763367,-2.354530096054077,0.5697250366210938,2.945485830307007,0.3695724308490753,0.8063046932220459,0.017265984788537025,4.3852763175964355,-4.14614725112915,-1.8853964805603027,-1.9817290306091309,-2.027949333190918,-3.199298620223999,-4.56618070602417,-0.4492526650428772,-1.774183750152588,-1.7992262840270996,-6.511190414428711,-2.248722553253174,-3.283574342727661,-2.9423305988311768,-0.18568013608455658,-2.747127056121826
M_Random (15).wav,0.03851911425590515,835.0699059135296,1191.3278073186093,1367.067409206081,0.03626478040540541,-398.9852600097656,166.3051300048828,9.533092498779297,35.4050407409668,18.738691329956055,18.344112396240234,-11.821598052978516,-3.9921417236328125,-14.811691284179688,-9.7030611038208,-16.353862762451172,-4.897049427032471,4.833771228790283,-10.168062210083008,7.396355628967285,-6.767143249511719,-1.8373475074768066,4.014123439788818,6.4306416511535645,2.7681968212127686,-4.107304096221924,-6.312537670135498,-6.224534511566162,4.918661594390869,-4.291584491729736,-0.49722960591316223,-0.43523433804512024,-3.986638307571411,-3.35483455657959,-2.3087310791015625,-8.737704277038574,-8.706741333007812,1.9038267135620117,-8.803797721862793,-5.9582672119140625,-0.9222061634063721,-3.5844879150390625,-3.1832404136657715,1.6439120769500732
M_Random (2).wav,0.024354906752705574,1004.3141855207919,1409.3459430450018,1904.5400390625,0.041484375,-416.4283752441406,139.40699768066406,22.545604705810547,14.327189445495605,4.563385486602783,16.733558654785156,-5.29840612411499,0.8292931318283081,-6.1356987953186035,-6.623396396636963,-4.123674392700195,2.775710344314575,9.536884307861328,-1.4148188829421997,3.223231077194214,-2.2546563148498535,0.9383949041366577,-0.19085869193077087,-0.8418105244636536,0.02221151441335678,0.9169756174087524,-2.3623862266540527,-1.8673334121704102,6.770335674285889,-3.9765210151672363,0.21374964714050293,-2.7188379764556885,-7.171241760253906,-1.342668890953064,-2.660161018371582,-2.6654510498046875,-1.5339857339859009,0.41120702028274536,-2.485827922821045,2.6175365447998047,0.4374160170555115,-1.9203438758850098,-1.1778894662857056,-2.1382100582122803
M_Random (3).wav,0.030095750465989113,1427.5179952834335,1686.8696723998298,2982.9359019886365,0.055859375,-396.8622131347656,122.89730072021484,20.0217227935791,28.273717880249023,-1.7173261642456055,29.25984764099121,-7.338304042816162,6.592577934265137,-7.524672985076904,-2.9479758739471436,-5.241732597351074,-6.090778827667236,9.841896057128906,-4.9049201011657715,11.602609634399414,-3.470306158065796,-4.084639549255371,1.965407371520996,-1.28654146194458,-1.008353590965271,0.3653683662414551,-4.7048845291137695,-2.84462308883667,6.629685401916504,-2.5367379188537598,3.276989459991455,-4.584080219268799,-4.698913097381592,-4.37056827545166,-5.772623062133789,-3.870239496231079,-6.042656421661377,2.916126251220703,-0.32460084557533264,3.4204962253570557,2.6225104331970215,1.7447696924209595,1.4641237258911133,-0.13585051894187927
M_Random (4).wav,0.030950898304581642,892.9683844348823,1230.405692928175,1631.9901315789473,0.03790604440789474,-402.8844909667969,151.48422241210938,18.2871150970459,17.625215530395508,16.060518264770508,15.893293380737305,-10.995989799499512,-2.3496110439300537,-10.374984741210938,-10.504363059997559,-8.426244735717773,-7.569272994995117,5.588650703430176,-2.389801502227783,3.1021366119384766,0.1554308831691742,-1.9299795627593994,2.553647518157959,0.9989557862281799,-1.8787169456481934,-2.878016948699951,-9.312767028808594,-4.651586055755615,7.291938304901123,-1.7217645645141602,2.0707340240478516,2.5955896377563477,-3.275177478790283,-4.247247219085693,-5.807374477386475,-4.004535675048828,-4.436473369598389,-1.971945881843567,0.1814882904291153,3.0989208221435547,-0.17181377112865448,-0.2686362564563751,0.9243532419204712,-1.4358227252960205
M_Random (8).wav,0.021425943821668625,1023.608870559893,1482.1614350615673,2008.4197998046875,0.03860134548611111,-430.5098876953125,149.08460998535156,14.788920402526855,25.485858917236328,6.396885395050049,28.87900733947754,-8.753405570983887,5.279903411865234,-10.967599868774414,-2.553102731704712,0.40445369482040405,-2.528221368789673,8.536078453063965,-2.0147275924682617,9.900028228759766,-6.103690147399902,-0.08404043316841125,-1.0487098693847656,-3.057621955871582,-2.3268754482269287,-3.7503068447113037,-1.0584310293197632,-1.0350896120071411,5.2418365478515625,-5.8445024490356445,0.18422026932239532,-0.7923648357391357,-2.2792463302612305,-4.747493267059326,-7.157369613647461,-3.638706684112549,-4.5825347900390625,-2.5783703327178955,-6.894432544708252,-2.319789171218872,-4.1111016273498535,0.9492099285125732,3.3639025688171387,1.1788957118988037
M_Random (9).wav,0.014661282300949097,1363.723121199673,1637.8988916566157,2740.3154296875,0.05611328125,-429.8738708496094,138.85678100585938,9.79714298248291,34.87614059448242,-3.0020179748535156,24.438344955444336,-8.545048713684082,7.148276329040527,-6.799494743347168,-3.503591775894165,2.0893726348876953,-1.3209631443023682,10.192911148071289,-0.340374618768692,7.2674689292907715,-6.016035556793213,0.07744156569242477,0.23164433240890503,0.7847356796264648,0.4703949987888336,-3.477928876876831,-3.091249465942383,3.0790627002716064,8.646416664123535,-3.7037360668182373,2.157966375350952,-4.794559955596924,-3.490286350250244,-3.529517889022827,-5.054877758026123,-3.329953670501709,-5.866693019866943,-3.310379981994629,-8.31689167022705,0.019715625792741776,-2.9383370876312256,-0.27793583273887634,0.4877590835094452,-3.577913761138916
Others (1).wav,0.05407348647713661,1203.1809672778345,1615.0776441366224,2348.50341796875,0.047858537946428574,-396.705078125,89.01016998291016,22.276132583618164,14.548728942871094,7.263301372528076,11.561285972595215,-2.4109046459198,-1.5197614431381226,-4.629448413848877,-1.1428158283233643,-5.5602521896362305,-11.661184310913086,-5.586718559265137,0.6195264458656311,-3.3732526302337646,-6.437234878540039,-2.446528434753418,-2.2355241775512695,-3.5938963890075684,-1.9873046875,-2.236954927444458,-0.4851822853088379,3.629088878631592,1.8966012001037598,1.5265944004058838,0.6350972056388855,-2.2569401264190674,-1.7474876642227173,-1.4247121810913086,-2.8246543407440186,-2.102529525756836,-1.5598909854888916,-0.8973898887634277,-1.1256622076034546,-1.7066776752471924,-2.201157569885254,-2.321392297744751,-1.1725077629089355,-0.7042638659477234
Others (10).wav,0.081336110830307,1196.271088185709,1779.4683705096668,2053.7764699835525,0.040929961622807015,-296.1624450683594,140.91395568847656,7.3050055503845215,7.486481189727783,12.592321395874023,-1.4921845197677612,-3.6871018409729004,-12.323629379272461,-12.8903226852417,-1.7016352415084839,-17.16887092590332,4.923142910003662,-13.01456069946289,1.6545016765594482,-0.8632396459579468,-7.033837795257568,-7.4941534996032715,3.464519500732422,-4.518774032592773,-5.762000560760498,-2.8573710918426514,2.0547232627868652,1.5480421781539917,5.771938800811768,4.957931995391846,3.466400146484375,-1.937768578529358,-0.8594093322753906,-2.6007823944091797,-0.3656662702560425,0.20868803560733795,4.6773786544799805,6.274416923522949,7.861035346984863,5.426152229309082,2.47611927986145,-2.9892923831939697,-3.630192279815674,-2.5244951248168945
Others (11).wav,0.07155570387840271,1269.2487710654957,1790.9704930026664,2309.1064453125,0.051478794642857144,-311.7301025390625,141.87808227539062,9.149076461791992,9.120948791503906,13.122940063476562,0.39978423714637756,-2.8939850330352783,-10.190276145935059,-16.033767700195312,-2.3496906757354736,-13.722228050231934,6.637535095214844,-12.87999153137207,-1.1153215169906616,1.130710482597351,-4.960341453552246,-7.890603065490723,2.0017197132110596,-2.759026288986206,-4.415308952331543,-7.014568328857422,0.6652191281318665,-3.7482893466949463,-0.6723148822784424,-0.4567727744579315,5.02986478805542,0.2930144965648651,5.0762248039245605,-1.2074427604675293,1.4705201387405396,-0.6998515725135803,5.875323295593262,4.646614074707031,8.924960136413574,9.297470092773438,9.390979766845703,5.149909496307373,4.895315170288086,0.7830673456192017
Others (12).wav,0.0888657420873642,1474.0295243257676,1998.4435513924245,2755.7373046875,0.052718874007936505,-256.95953369140625,126.46484375,16.644065856933594,24.89669418334961,5.267659664154053,-5.883266925811768,-13.101614952087402,-27.6068058013916,-12.118579864501953,-1.1336259841918945,-10.233758926391602,-1.1390490531921387,-1.4781543016433716,8.387921333312988,-4.447539329528809,1.8231229782104492,-4.538668155670166,-6.525510787963867,-5.812795639038086,-3.7263545989990234,-7.705221176147461,-0.2451663315296173,-6.233792781829834,4.071321487426758,-5.525637626647949,3.1247875690460205,-1.2980186939239502,2.6676738262176514,1.32123863697052,7.1086106300354,2.934929370880127,8.770486831665039,1.9431285858154297,2.2200467586517334,-1.0879765748977661,-2.19159197807312,-0.7520533800125122,0.511994481086731,-3.2991719245910645
Others (13).wav,0.04852026328444481,576.1037331552677,1056.2589944891943,816.0400390625,0.020879836309523808,-425.2893371582031,157.43661499023438,49.44522476196289,18.316204071044922,16.037471771240234,12.455629348754883,8.814616203308105,6.847885608673096,0.2734769284725189,3.40445876121521,6.4617600440979,2.076951026916504,3.9992809295654297,5.638780117034912,3.7924787998199463,0.939923107624054,-2.907510280609131,-6.030939102172852,-5.109338283538818,-3.2703585624694824,-3.73842453956604,-4.205718517303467,-1.1898887157440186,0.5267330408096313,0.03006586618721485,1.9675320386886597,1.0011402368545532,0.22880955040454865,1.9315602779388428,2.7358455657958984,3.2198476791381836,2.526144504547119,1.3199399709701538,0.4988422989845276,0.26770904660224915,-0.15876983106136322,-0.49496379494667053,-0.6347460150718689,-2.251535654067993
Others (14).wav,0.04483939707279205,602.7010737531913,1122.5384370631457,903.1522310697115,0.02025428185096154,-427.47039794921875,149.25103759765625,52.74479675292969,19.95650291442871,15.729771614074707,13.594757080078125,9.884028434753418,8.583748817443848,3.7740156650543213,2.1968116760253906,3.5593528747558594,0.37818750739097595,3.313751459121704,6.167076110839844,3.4602925777435303,1.5249335765838623,-2.195035696029663,-5.611973285675049,-4.376697540283203,-3.023406505584717,-3.4345667362213135,-3.0744986534118652,-1.825644612312317,0.4529336392879486,1.1475751399993896,2.921456813812256,2.194521188735962,1.8253483772277832,2.1031010150909424,1.784787654876709,0.10945252329111099,0.056822482496500015,1.3113032579421997,1.8292350769042969,1.705452799797058,0.5277795195579529,-0.345222532749176,-0.8291255235671997,-2.122035026550293
Others (15).wav,0.053231872618198395,654.2406108656744,1038.7528612989752,1086.1844576322114,0.03063025841346154,-423.5478820800781,170.86346435546875,44.49697494506836,22.712322235107422,13.681540489196777,8.796337127685547,4.519717216491699,2.709827184677124,-0.6990641951560974,1.3178681135177612,4.764702796936035,0.8736261129379272,2.2639029026031494,4.0971198081970215,1.0520141124725342,-0.45608770847320557,-5.236450672149658,-6.758696556091309,-5.329866409301758,-6.015976428985596,-2.8867952823638916,-0.7426084280014038,2.9730775356292725,3.759577751159668,-1.5916765928268433,-1.5497996807098389,-3.9377408027648926,-4.586706161499023,-0.17298701405525208,2.0575973987579346,2.3830313682556152,0.6701909303665161,0.4063869118690491,1.9510862827301025,2.5462987422943115,2.0659704208374023,1.5834839344024658,-1.0139132738113403,-3.309565544128418
Others (16).wav,0.039641331881284714,1101.3242892808596,1411.9982344815865,2171.540715144231,0.037259615384615384,-360.48724365234375,152.66070556640625,-11.575939178466797,41.50714111328125,-18.726531982421875,-0.8203030228614807,-8.81120777130127,-4.701104640960693,-13.654664993286133,-1.9535311460494995,-3.856714963912964,-12.09855842590332,-6.219169616699219,-1.3612807989120483,4.328711032867432,-6.29386043548584,-4.713236331939697,-2.7873079776763916,-8.031691551208496,-9.661300659179688,-5.49489164352417,-9.06195068359375,-9.810416221618652,-3.3161730766296387,-10.03040599822998,-6.901381492614746,-3.445952892303467,1.0935308933258057,3.4301130771636963,5.0806803703308105,13.116575241088867,10.266637802124023,6.514455318450928,3.5710949897766113,2.0100865364074707,-2.6084096431732178,-2.382880687713623,-2.677629232406616,-4.572186470031738
Others (17).wav,0.027592701837420464,1167.929933400378,1465.4366166704613,2283.3073313643295,0.04644626524390244,-387.1346130371094,143.73223876953125,-3.066096067428589,39.40590286254883,-20.40989112854004,-8.458300590515137,-12.461437225341797,-6.473538875579834,-18.074134826660156,-8.332338333129883,-6.191128730773926,-17.779436111450195,-6.773036956787109,-4.8902082443237305,5.144871234893799,-7.0075812339782715,-6.286187171936035,1.5839107036590576,-9.44791030883789,-10.018362998962402,-5.324282169342041,-6.341333866119385,-8.312567710876465,-5.427125453948975,-7.795578479766846,-6.975039482116699,-3.9326999187469482,0.9135153293609619,0.8411828279495239,4.242415428161621,13.31080150604248,11.753982543945312,8.723048210144043,6.268091201782227,2.7072103023529053,-1.5254225730895996,-0.933674693107605,0.9925314784049988,1.5950613021850586
Others (18).wav,0.029669905081391335,1296.4268039165063,1611.3081753430342,2648.8082885742188,0.0494384765625,-358.5171813964844,137.07725524902344,-2.816551923751831,34.6054573059082,-12.71383285522461,-3.099209785461426,-7.038880825042725,-8.340267181396484,-10.101988792419434,2.577831506729126,-12.064610481262207,-4.660055637359619,-6.5749664306640625,0.5128640532493591,4.013298034667969,-6.146364688873291,0.7473199963569641,-2.1313722133636475,-5.9840521812438965,-4.889852046966553,-4.52820348739624,-9.465607643127441,-7.1501946449279785,-6.928439617156982,-5.56082010269165,-6.985537052154541,-3.3537368774414062,-1.138940691947937,-0.7727925181388855,1.3919521570205688,4.673675060272217,5.922008991241455,4.392268657684326,5.286397933959961,1.4453054666519165,-2.3481009006500244,-2.990582227706909,-2.557640314102173,-1.9664734601974487
Others (19).wav,0.02491098642349243,1371.1934972653646,1699.2582412693043,2822.8683471679688,0.054168701171875,-374.9843444824219,138.90687561035156,-8.468539237976074,36.615604400634766,-16.627389907836914,3.0024712085723877,-12.234911918640137,1.274219036102295,-16.762819290161133,4.752506732940674,-15.425000190734863,-4.379818439483643,-7.836550235748291,1.7496172189712524,2.4869611263275146,-6.138915538787842,-2.105940580368042,-4.261343002319336,-5.926722049713135,-4.7916693687438965,-3.4313766956329346,-9.139248847961426,-6.765163421630859,-7.404085159301758,-6.257406234741211,-7.614894866943359,-3.3905763626098633,-1.8956819772720337,-2.4534332752227783,-0.9366247057914734,5.265094757080078,6.107686519622803,5.789966583251953,4.974384784698486,4.174300670623779,-1.965073585510254,-1.5423041582107544,-1.6902655363082886,-1.0855005979537964
Others (2).wav,0.06904362142086029,1127.6298594669292,1565.262076491322,2065.4415646114867,0.04128395974099099,-369.2739562988281,96.27108001708984,20.82939910888672,8.069375991821289,1.3175700902938843,11.242823600769043,-10.130989074707031,-8.077390670776367,-8.510618209838867,-1.8114759922027588,-10.933514595031738,-11.88741397857666,-5.508025169372559,-3.7020821571350098,-6.554986000061035,-3.774414300918579,2.115832567214966,2.6722190380096436,5.0508880615234375,2.1429429054260254,-2.382431745529175,0.1341404914855957,0.9809601306915283,1.4280831813812256,1.4203968048095703,-3.674283981323242,-4.373867034912109,-4.4589033126831055,-2.787598133087158,-3.705232620239258,-2.8432211875915527,0.055415213108062744,0.6053319573402405,1.9564532041549683,0.3267536461353302,0.3209337592124939,-0.8747611045837402,-1.140078067779541,-1.9606530666351318
Others (20).wav,0.06099848076701164,1299.4372269039052,1662.444101719294,2510.5247497558594,0.054351806640625,-375.0254821777344,98.45578002929688,16.776578903198242,12.674606323242188,-2.359766721725464,13.370723724365234,-7.424215793609619,0.7238969802856445,-8.743836402893066,-1.1564629077911377,-6.124269485473633,-10.827021598815918,-6.915200710296631,-2.002065896987915,-1.964708685874939,-3.121274709701538,-2.161212205886841,-0.4851074516773224,-2.8201465606689453,-1.8452357053756714,-5.047379970550537,-5.121847152709961,-1.927122712135315,-4.442672252655029,-2.153913736343384,0.9219334125518799,-0.6605580449104309,-0.43063274025917053,0.9266373515129089,0.0569956935942173,0.5384601950645447,-0.6901530623435974,2.311572790145874,4.132004261016846,2.6973254680633545,1.1207197904586792,-2.861100435256958,-3.449293851852417,-1.4689140319824219
Others (21).wav,0.04532010480761528,1057.806311009757,1497.940690381585,1914.8849487304688,0.040191650390625,-410.3724060058594,112.05443572998047,22.983896255493164,11.000008583068848,3.393042802810669,18.01666259765625,-4.5706095695495605,-4.412563323974609,-10.192922592163086,-0.9249477386474609,-5.562010288238525,-11.713505744934082,-5.628611087799072,1.8838735818862915,-1.1820982694625854,-7.36383056640625,-3.485947370529175,-1.535430908203125,-5.5496602058410645,-2.7235310077667236,-5.394786834716797,-6.598740100860596,0.36996719241142273,-0.29199156165122986,-0.8091292381286621,0.10302325338125229,0.7860710024833679,1.5417240858078003,0.7198619842529297,0.5824533700942993,-0.09628523141145706,-1.17227041721344,-1.0457253456115723,-1.257123589515686,-1.9448013305664062,-2.267136812210083,-0.7971959710121155,-0.7178225517272949,-0.06590146571397781
Others (22).wav,0.0729551762342453,1164.3486409056654,1568.2438531446371,2223.146427487864,0.03983047633495146,-361.0247497558594,99.13284301757812,14.784867286682129,8.25583553314209,-0.26563239097595215,13.278436660766602,-6.183559894561768,-1.5092954635620117,-9.572230339050293,-1.7453715801239014,-8.015240669250488,-12.969193458557129,-2.977583169937134,-0.2336253970861435,-5.213937282562256,-5.82267427444458,-4.7376861572265625,-4.054522514343262,-3.870187759399414,-1.778815507888794,-2.7549428939819336,-1.3891141414642334,2.1581883430480957,-0.535426914691925,0.21004150807857513,2.539410352706909,2.0422096252441406,-0.285859614610672,0.5745099782943726,-0.33688977360725403,-0.44012919068336487,-0.26560014486312866,-3.6548705101013184,-3.1549630165100098,-3.300049304962158,-1.874233603477478,-3.076673984527588,-3.3063716888427734,-2.3119773864746094
Others (23).wav,0.05789581686258316,1073.7735201742537,1592.8184561599915,2077.275126689189,0.03394654420045045,-403.88861083984375,92.16584777832031,27.676786422729492,16.61419677734375,5.57729959487915,16.02564811706543,-6.41701602935791,0.14376358687877655,-7.683063507080078,-4.0391526222229,-5.114502906799316,-11.251447677612305,-3.522085189819336,0.9860013723373413,-3.04115629196167,-4.6640777587890625,-1.2834442853927612,-0.9466382265090942,-3.5960347652435303,-2.9092724323272705,-4.1551194190979,-1.121835470199585,0.535576581954956,2.106431484222412,0.7971681356430054,0.15866440534591675,1.4088349342346191,-0.6150937676429749,0.1934398114681244,0.4978903830051422,0.9837107062339783,1.517076015472412,-0.9498935341835022,-0.6216634511947632,-2.068166732788086,-1.0682227611541748,-0.03665568679571152,-1.344984531402588,-1.131393313407898
Others (24).wav,0.02486068569123745,2783.6956149493153,2085.4679500951893,5049.017260448042,0.16175640060240964,-519.8262939453125,40.70383834838867,10.356167793273926,38.78205490112305,-20.467514038085938,11.294979095458984,-24.192880630493164,-5.005609512329102,-6.369243621826172,-1.5330382585525513,-2.2025444507598877,-4.322110652923584,-4.484358310699463,-3.9922938346862793,3.152421236038208,-11.706136703491211,5.883634090423584,-7.618741512298584,-5.3718414306640625,1.8646783828735352,-6.424269199371338,-4.893869400024414,-1.6532148122787476,3.7292838096618652,-1.0454832315444946,8.091724395751953,7.835879325866699,7.3300580978393555,5.158169269561768,4.121847629547119,3.9188232421875,0.8734156489372253,3.4619193077087402,-1.8407697677612305,1.4731184244155884,-0.40394192934036255,-1.0569185018539429,-0.2190759927034378,-1.0076327323913574
Others (25).wav,0.0469273142516613,2373.4611973728647,1985.5870008109891,4427.846457741477,0.1316805752840909,-422.193115234375,58.573394775390625,11.829394340515137,44.56549072265625,-21.20692253112793,8.138875961303711,-30.070716857910156,-9.618401527404785,-11.532557487487793,-9.185260772705078,-4.186806678771973,-7.563781261444092,-5.202476978302002,-2.411729097366333,-2.447791576385498,-12.594761848449707,1.0871526002883911,-11.683018684387207,-7.934828281402588,-1.1412988901138306,-1.0891857147216797,-5.598735332489014,0.08325432986021042,4.644196510314941,-1.745797038078308,8.20888614654541,4.315333366394043,7.880021572113037,3.518256664276123,4.993616580963135,6.956737518310547,1.2810730934143066,2.7420132160186768,-3.766152858734131,0.810845136642456,-0.5944600105285645,-0.3495667576789856,-2.1532766819000244,-2.774064302444458
Others (26).wav,0.053544510155916214,2221.6885817094726,1931.2234203377566,4016.725408380682,0.10945490056818181,-403.5032043457031,79.89949035644531,19.943950653076172,41.925968170166016,-30.175504684448242,7.285333156585693,-34.769752502441406,-4.173576354980469,-7.739500522613525,-13.997292518615723,-7.767930030822754,-2.4777426719665527,-5.5244011878967285,-4.556807518005371,-4.426690101623535,-14.418781280517578,3.1492466926574707,-10.731219291687012,-7.975521564483643,-4.6000142097473145,-3.523386240005493,-9.985109329223633,-1.201763391494751,4.951372146606445,-1.4761728048324585,13.657567977905273,8.415574073791504,5.161613464355469,0.8037378191947937,6.681813716888428,5.700253009796143,3.35591983795166,6.235493183135986,-3.122448444366455,-0.35435500741004944,-3.57297420501709,1.4920669794082642,-0.2790636420249939,-1.2945753335952759
Others (27).wav,0.05035993829369545,2241.4815326735957,1911.1575291615006,4019.255183293269,0.1155536358173077,-409.5916442871094,68.39527130126953,16.518428802490234,42.45048141479492,-27.54130744934082,8.206243515014648,-36.77256774902344,-8.926369667053223,-11.131669998168945,-9.731393814086914,-7.68963098526001,-5.7869791984558105,-6.4658427238464355,-4.577523231506348,-1.9642695188522339,-16.677114486694336,1.5921403169631958,-7.795786380767822,-8.084198951721191,-2.939931631088257,-2.807736396789551,-9.436148643493652,1.0163482427597046,4.676984786987305,-0.40579143166542053,12.935872077941895,7.857443809509277,8.292313575744629,2.7530417442321777,4.676856994628906,5.747561454772949,5.276459693908691,6.529114246368408,-0.600591778755188,1.8027737140655518,-2.2039313316345215,1.976981282234192,0.6337072849273682,-1.5823664665222168
Others (28).wav,0.061651308089494705,2443.2574661746344,2122.3591528562843,4687.733459472656,0.10782877604166667,-366.020263671875,73.252197265625,7.3024749755859375,45.20087814331055,-27.869895935058594,12.19290828704834,-40.502376556396484,-4.90724515914917,-16.379919052124023,-8.784958839416504,-9.228455543518066,-1.2374613285064697,-8.592869758605957,-3.757697343826294,-0.6792078018188477,-23.316946029663086,4.838554859161377,-9.41752815246582,-10.378447532653809,-2.671860694885254,-1.8732184171676636,-6.346429347991943,0.11443301290273666,11.091678619384766,-0.6771440505981445,7.554017543792725,5.753355503082275,6.9438796043396,10.113646507263184,9.049365997314453,9.3820219039917,2.4285242557525635,0.7699612975120544,-1.1270766258239746,-0.21185429394245148,-1.335354208946228,0.962831974029541,-3.326308012008667,-1.7734864950180054
Others (29).wav,0.06302177160978317,2498.02125451865,2222.148664531865,5227.757750166224,0.10184300199468085,-358.65899658203125,72.17620849609375,11.110157012939453,31.552509307861328,-37.25621795654297,13.388586044311523,-41.047813415527344,-8.571915626525879,-18.089048385620117,-8.753835678100586,-6.033206462860107,0.55628901720047,-10.649264335632324,-2.2290875911712646,-1.0385438203811646,-23.914649963378906,10.57652473449707,-8.973519325256348,-3.0008769035339355,1.9400140047073364,5.463163375854492,1.8258490562438965,3.385511636734009,7.1945905685424805,-8.235373497009277,3.631427764892578,-1.6987313032150269,5.563797473907471,1.2111045122146606,-1.622241735458374,1.8838690519332886,-2.1918704509735107,3.138662576675415,-5.248363494873047,-1.4511045217514038,-4.077442646026611,-2.6693942546844482,-4.358085632324219,-2.33620548248291
Others (3).wav,0.03232002258300781,1332.9067782320417,1723.995575478223,2778.472265625,0.055109375,-410.5171813964844,107.66560363769531,18.838592529296875,17.952938079833984,8.134166717529297,19.410205841064453,-1.8728095293045044,-1.9035755395889282,-2.902747631072998,-3.260272741317749,-6.893425464630127,-9.519941329956055,-1.5481784343719482,2.1130950450897217,-2.5985779762268066,-5.58381986618042,-2.402510643005371,-2.260347366333008,-3.734933614730835,-3.1818408966064453,-4.966932773590088,-2.2034077644348145,0.20591585338115692,-2.1315879821777344,-0.006943558808416128,-0.1965755969285965,-2.745117425918579,-3.1179323196411133,-1.1808675527572632,-1.0703297853469849,-1.1327016353607178,-0.650488018989563,-1.3327629566192627,-1.3595366477966309,-0.9033647179603577,-0.2646375000476837,-0.36826154589653015,-0.3550790548324585,-1.4541689157485962
Others (30).wav,0.04658738523721695,2354.2793480288565,2137.2842894565615,4744.560440726902,0.09729534646739131,-381.5535888671875,73.77204132080078,14.66089916229248,40.1920051574707,-31.929302215576172,14.806806564331055,-43.639068603515625,-9.175470352172852,-12.620183944702148,-8.953797340393066,-7.783270359039307,-6.21672248840332,-5.524488925933838,-4.30100679397583,0.11246795952320099,-18.46343994140625,1.860854148864746,-8.229192733764648,-6.248542308807373,-5.764712333679199,-3.4371535778045654,-7.308655261993408,-2.193366765975952,6.497141361236572,-5.397047519683838,6.076056957244873,2.646517515182495,1.3627504110336304,1.3231860399246216,1.3977508544921875,2.9431307315826416,1.7591629028320312,4.377686500549316,1.9521970748901367,4.491321086883545,1.0386841297149658,0.5564538836479187,-2.1518588066101074,-1.2636878490447998
Others (31).wav,0.05894738435745239,2802.3051214144143,2016.4077492305569,4882.360174005682,0.13968394886363636,-379.8533630371094,50.84965896606445,18.582456588745117,44.61474609375,-33.8039665222168,16.75084114074707,-38.17011260986328,-11.117121696472168,-12.25619125366211,-8.444677352905273,-5.427402496337891,-8.444951057434082,-7.511989116668701,-2.0922610759735107,-1.9252710342407227,-18.949115753173828,5.906908988952637,-7.560665607452393,-6.091485023498535,-4.170555591583252,1.1949409246444702,-1.449692964553833,-0.25964492559432983,8.112885475158691,-5.5759453773498535,7.585021495819092,3.4870874881744385,1.2140555381774902,1.5444964170455933,3.867706775665283,3.9263434410095215,0.2789797782897949,3.524343252182007,-1.4455780982971191,2.766451835632324,-3.8368773460388184,-0.03643018379807472,1.0255934000015259,-1.575128436088562
Others (32).wav,0.05866813659667969,1292.0822787254194,1633.6359089706802,2619.2001342773438,0.0521697998046875,-316.5995788574219,135.34288024902344,-13.148173332214355,23.846832275390625,8.285908699035645,-0.8466612696647644,3.7697153091430664,-4.149194240570068,-2.7851803302764893,-4.7066521644592285,-3.1555278301239014,-0.8154361248016357,-2.9487736225128174,10.359833717346191,-0.06315513700246811,1.3171786069869995,-3.0687484741210938,-0.7136624455451965,-5.525032043457031,2.3831562995910645,0.8912608027458191,-0.22454750537872314,-6.348335266113281,-2.429291248321533,-1.7533149719238281,-0.635164737701416,-4.746461391448975,-3.180072784423828,1.0737186670303345,1.9187284708023071,-2.909222364425659,0.9169161915779114,6.272359848022461,10.194958686828613,5.808248996734619,4.760301113128662,1.9654422998428345,-2.4262094497680664,-3.6566028594970703
Others (33).wav,0.05457112193107605,1285.189535194733,1655.2807421090438,2501.776885986328,0.050364176432291664,-332.0307312011719,130.03668212890625,-9.468523979187012,17.080842971801758,6.880932331085205,-0.4325619637966156,0.8792163729667664,-9.7785005569458,-0.4897727966308594,0.19319868087768555,-1.4316648244857788,5.22556734085083,-4.123537063598633,6.45424222946167,2.8977394104003906,-0.5351036787033081,-0.5825074315071106,0.5360750555992126,-3.442927598953247,-5.363799571990967,-6.793461322784424,-2.949937582015991,1.9610449075698853,7.676464557647705,2.846094846725464,3.087897300720215,-2.1464576721191406,-3.3909575939178467,-3.5151100158691406,4.0174946784973145,6.263336658477783,8.013715744018555,7.330142974853516,9.860740661621094,3.468371629714966,1.9438079595565796,-1.7762151956558228,-0.6649267077445984,-3.163201093673706
Others (34).wav,0.0768250897526741,1389.0335690714194,1807.090003905456,2627.8789813701924,0.05155749198717949,-319.75323486328125,122.78946685791016,-3.193908214569092,8.3408842086792,12.153473854064941,1.2798480987548828,2.077611207962036,-6.36434268951416,-10.169322967529297,2.7388083934783936,5.383042335510254,1.2569218873977661,-8.611638069152832,17.044055938720703,4.599644184112549,-4.468418121337891,1.8451275825500488,8.123007774353027,-3.972954273223877,-2.883911371231079,-2.791278839111328,-3.1060731410980225,-1.8303332328796387,2.802830219268799,-6.708092212677002,-6.592141151428223,-3.60844349861145,-6.878594875335693,-0.30745238065719604,7.273441314697266,7.803954124450684,12.017149925231934,8.72927188873291,11.790138244628906,5.959393501281738,6.1174211502075195,-0.3543919324874878,0.25946831703186035,-5.746307373046875
Others (35).wav,0.056207459419965744,1183.3320137684802,1623.2304824127423,2227.240263526119,0.043566347947761194,-340.52862548828125,137.42465209960938,-2.1542398929595947,16.747207641601562,9.024039268493652,1.8511466979980469,5.729014873504639,-13.310641288757324,-4.375585079193115,-1.6739187240600586,-0.9299221634864807,1.6155357360839844,-4.024679183959961,9.860437393188477,-2.2587945461273193,1.1371222734451294,-0.03107396885752678,2.372270107269287,-2.546243667602539,-4.445913791656494,-1.827481985092163,-1.6157349348068237,-2.7599732875823975,1.038002371788025,-7.023196220397949,-5.047152042388916,-3.1979994773864746,-1.4294829368591309,-2.0012362003326416,6.547950267791748,6.885355472564697,6.961217880249023,8.229203224182129,8.321091651916504,4.177999973297119,5.477095603942871,-1.2248668670654297,0.45330262184143066,-4.847208499908447
Others (36).wav,0.05902765318751335,1031.0280672676204,1485.8637621903804,1929.0825737847222,0.03635585455246913,-324.7835693359375,148.07022094726562,1.429709792137146,14.782974243164062,9.496101379394531,3.754652976989746,4.641940116882324,-8.457470893859863,-4.708010673522949,-1.2713065147399902,7.654972076416016,6.140871524810791,-3.71832537651062,12.360983848571777,1.2935320138931274,-1.8399202823638916,-3.441763401031494,3.7807388305664062,-0.09901901334524155,-2.075411081314087,-2.416173219680786,-1.0997849702835083,-2.7307662963867188,1.7237812280654907,0.13078729808330536,-2.979170083999634,-2.8032634258270264,-5.134030342102051,-3.831266164779663,-0.9218165874481201,2.2498443126678467,6.252696514129639,6.8290181159973145,9.537983894348145,5.199270248413086,6.480783939361572,1.0115827322006226,0.5420864820480347,-3.4905591011047363
Others (37).wav,0.05966345593333244,1359.0802722685248,1677.3366450620526,2528.398664607558,0.0617164789244186,-345.2355041503906,114.61640167236328,-0.7280033826828003,10.501811981201172,8.363011360168457,4.76714563369751,-2.1848223209381104,-7.334801197052002,-4.78166389465332,-5.636719226837158,3.93184494972229,0.6389408111572266,-8.081324577331543,12.6992769241333,3.279895067214966,0.1264515519142151,-1.0687522888183594,5.763200759887695,-1.6920270919799805,-5.436278820037842,-4.699733734130859,-1.4551507234573364,-2.1799099445343018,-1.3501557111740112,-5.861345291137695,-6.964663982391357,-4.645553112030029,-3.399940252304077,1.8725905418395996,7.126907825469971,8.973501205444336,8.819326400756836,2.751976490020752,1.0967389345169067,0.7695596218109131,4.653778553009033,7.322652339935303,8.019307136535645,-0.7242337465286255
Others (38).wav,0.06707669794559479,1238.8827784391294,1628.250765660172,2421.2890625,0.04758029513888889,-326.63671875,128.45919799804688,-8.091705322265625,18.153732299804688,6.874486923217773,-4.73241662979126,5.913037300109863,-9.612058639526367,-7.236795425415039,-2.9789843559265137,0.6123030185699463,-0.9619373083114624,-3.4350481033325195,7.908787727355957,-0.6612256169319153,0.1897999495267868,-0.38113048672676086,3.511781692504883,-3.2452478408813477,-0.8273221254348755,-6.466986656188965,-4.902760028839111,-7.151547908782959,-0.37180352210998535,-4.435211181640625,-2.386079788208008,-7.191624641418457,-3.3639376163482666,-4.733117580413818,-0.9611157774925232,1.9243371486663818,6.3116044998168945,8.395404815673828,9.891070365905762,5.480923175811768,5.153716087341309,3.8352737426757812,7.252984046936035,3.2718403339385986
Others (39).wav,0.0652799978852272,1213.3042558794984,1602.3781796227343,2302.6756109193316,0.04847043059593023,-318.9686279296875,134.94415283203125,-10.217337608337402,17.974632263183594,8.40516471862793,-1.9584953784942627,5.007002830505371,-9.10628604888916,-4.5348219871521,-3.1676177978515625,-1.58454430103302,0.701747715473175,-4.94072151184082,6.551982879638672,-1.081508755683899,-2.7176172733306885,-2.796647310256958,2.064600944519043,-4.914595603942871,-4.94740629196167,-6.662440776824951,-5.252038955688477,-2.9354116916656494,1.887026071548462,-1.9548877477645874,2.3300743103027344,-3.5088753700256348,-2.8195812702178955,-3.032637119293213,-0.27569183707237244,1.7495802640914917,4.878701686859131,6.250422477722168,9.713841438293457,4.265092849731445,5.9346208572387695,3.095714569091797,3.902582883834839,-1.156050205230713
Others (4).wav,0.0857689157128334,1202.1016232910679,1582.3675688210412,2287.619500411184,0.042214912280701754,-350.8509216308594,91.48211669921875,7.744356155395508,7.265763282775879,-1.893835186958313,16.196674346923828,-1.07939875125885,-0.9487353563308716,-8.220885276794434,0.11357729882001877,-7.618381500244141,-9.195053100585938,-3.462944507598877,-2.0620179176330566,-5.060072898864746,-8.786934852600098,-5.781668186187744,-1.0497275590896606,-1.6379603147506714,2.4564402103424072,1.8091118335723877,0.43131372332572937,5.734857082366943,-0.49503663182258606,-2.5341594219207764,-0.7423900961875916,-4.568472862243652,-2.6086983680725098,-1.146133303642273,-6.183056354522705,-4.3453288078308105,-3.7559995651245117,-4.978436470031738,-3.398907423019409,-2.5619378089904785,-2.8187479972839355,-2.588893413543701,-2.1515400409698486,-1.8282767534255981
Others (40).wav,0.06681545078754425,1228.1903691575556,1644.0741088552918,2445.3814156447784,0.048055528085443035,-314.3488464355469,131.6490020751953,-4.775381565093994,25.346805572509766,11.634665489196777,-4.391977310180664,4.2289581298828125,-8.266155242919922,-7.646241664886475,-4.290289402008057,-0.6869321465492249,-2.68658709526062,-4.900195598602295,9.416681289672852,-3.9755091667175293,-3.890016555786133,-0.8787065148353577,3.4119880199432373,-6.899148941040039,-2.1183931827545166,-5.377475261688232,-5.0726118087768555,-3.6331446170806885,1.498653531074524,-2.460752010345459,0.325450599193573,-2.530390977859497,-1.2074841260910034,-2.6528143882751465,-2.1064271926879883,0.4968707859516144,2.4213674068450928,5.237883567810059,11.276420593261719,4.618948459625244,6.710390567779541,3.1649885177612305,-1.465233564376831,-4.334409236907959
Others (5).wav,0.028029540553689003,1109.4976209732108,1589.4563706219712,2146.210292600236,0.04134728773584906,-434.806640625,124.30841064453125,23.608062744140625,21.913837432861328,4.719510555267334,18.72268295288086,-5.467915058135986,-6.273280143737793,-13.160229682922363,-5.167611598968506,-11.5965576171875,-12.565584182739258,-0.43012097477912903,2.2840514183044434,-2.951991558074951,-4.551405906677246,-0.5786535739898682,-1.5482676029205322,-0.1217026337981224,-0.945605456829071,-5.6371259689331055,-2.2642388343811035,-0.12010980397462845,-1.6190822124481201,-0.6132035851478577,1.393588662147522,-0.8876010775566101,-0.15734927356243134,1.3798943758010864,-0.1339586228132248,1.2245821952819824,-1.3571362495422363,-1.0123666524887085,-3.2978644371032715,-2.6038708686828613,-2.0216593742370605,-2.9833738803863525,-1.9426355361938477,-1.8368127346038818
Others (6).wav,0.04409943148493767,1138.036382753037,1535.1372708628662,2130.466677107901,0.04138874557783019,-386.5691833496094,106.70044708251953,22.467233657836914,20.749069213867188,4.62575101852417,13.062654495239258,-1.9931954145431519,-3.7034149169921875,-9.765758514404297,-3.771543502807617,-6.54788875579834,-12.163856506347656,-3.834085702896118,-2.0324137210845947,-7.472702980041504,-7.982227325439453,-2.423722743988037,-3.1681711673736572,-6.752843379974365,-5.354760646820068,-6.7051825523376465,-5.073771953582764,-1.140742540359497,-2.314903497695923,-2.0453197956085205,-0.9721347093582153,-0.7138037085533142,-1.736830711364746,-0.6129792928695679,0.5421572923660278,2.172964096069336,2.154068946838379,1.616929531097412,2.0888047218322754,-0.13108623027801514,1.1148080825805664,0.6479424238204956,-1.0807312726974487,0.4555017054080963
Others (7).wav,0.09096335619688034,1162.0035773083987,1552.2237033139515,2002.695556640625,0.043232421875,-355.9925842285156,81.9608383178711,9.239513397216797,6.265867233276367,-1.384959101676941,14.020853042602539,-3.963491439819336,-3.5000662803649902,-10.149955749511719,1.9885107278823853,-7.303832530975342,-12.793281555175781,-3.6947805881500244,-1.9003584384918213,-8.810552597045898,-9.294548034667969,-3.707534074783325,-5.23081111907959,-3.3406248092651367,2.542226552963257,2.4695563316345215,5.915172100067139,5.7651872634887695,-1.298793077468872,0.7662242650985718,-1.2768218517303467,-3.058758020401001,-2.0048279762268066,0.8906253576278687,-2.569652795791626,-4.553971290588379,-3.5637731552124023,-3.9037890434265137,-0.2803627848625183,-2.170450210571289,-2.2729299068450928,-2.6580939292907715,0.3545743525028229,0.22873787581920624
Others (8).wav,0.0978766530752182,1391.598342160147,1947.7865244023922,2555.419921875,0.04772201849489796,-269.66448974609375,134.27992248535156,4.46405553817749,9.128242492675781,4.976583957672119,-5.8668212890625,-6.4035210609436035,-7.191105365753174,-16.18794059753418,-0.6373727917671204,-12.929874420166016,7.211717128753662,-12.647306442260742,5.328157901763916,-0.5183134078979492,-6.0115966796875,-11.475415229797363,2.900719404220581,-3.828432559967041,-3.388136625289917,-5.771084308624268,-1.1055948734283447,-1.9828041791915894,0.0018120979657396674,1.7660551071166992,2.834876298904419,0.2969696521759033,6.033429145812988,2.2677650451660156,7.904326915740967,2.1370182037353516,3.7584400177001953,0.1795450896024704,2.9431843757629395,1.3045085668563843,6.782649517059326,5.657957077026367,4.455367088317871,-0.3764968812465668
Others (9).wav,0.09724929183721542,1435.3398472160382,2006.2909545560508,2788.196801357582,0.04924436475409836,-269.3052978515625,124.08765411376953,7.507785797119141,18.099403381347656,11.784738540649414,3.3144214153289795,-4.382491588592529,-7.9225993156433105,-10.212779998779297,1.335584044456482,-12.138402938842773,5.786905765533447,-13.227960586547852,7.068742752075195,0.7533212304115295,-4.061906337738037,-7.710185527801514,0.40340474247932434,-5.102265357971191,-4.347691535949707,-4.798200607299805,-1.1785213947296143,-4.096094131469727,-2.3188323974609375,-0.5899080634117126,4.1724419593811035,2.468010663986206,6.259541034698486,1.647231936454773,3.679478406906128,-2.127610921859741,3.4165427684783936,1.0474252700805664,5.715523719787598,2.7424094676971436,4.203585624694824,2.5090694427490234,1.5349819660186768,0.7041373252868652
Y_Close (1).wav,0.03416832908987999,971.9408535236089,1346.444982438246,1824.1015625,0.03894314236111111,-366.9231262207031,162.75807189941406,5.798069953918457,26.304655075073242,-1.275848150253296,25.484312057495117,-4.791187286376953,6.497467041015625,-18.535560607910156,-12.694300651550293,-4.870537281036377,-7.144632816314697,7.768839359283447,-2.57315993309021,7.926216125488281,-5.876331806182861,0.3169935941696167,-0.01351140346378088,-0.5729477405548096,2.7400059700012207,-1.97940194606781,-2.0427236557006836,-6.047857761383057,-1.656392216682434,-4.432477951049805,-4.329237937927246,-3.4612629413604736,2.650672435760498,-3.7870898246765137,-2.078787326812744,0.4683050513267517,-2.9598350524902344,1.8072237968444824,-1.6290981769561768,-0.4462067484855652,-0.6844607591629028,2.4798412322998047,-2.1847360134124756,0.008589310571551323
Y_Close (10).wav,0.02306992933154106,1027.2542454655206,1338.8411988139128,1997.742919921875,0.04479166666666667,-410.35491943359375,165.31524658203125,8.202444076538086,26.01521873474121,2.6126210689544678,22.707822799682617,-4.2027907371521,6.593515396118164,-12.10630989074707,-1.955570936203003,-7.068180561065674,-9.518497467041016,6.903621196746826,-0.37009477615356445,7.861473083496094,-9.660574913024902,1.142206072807312,0.3092721104621887,1.001928687095642,-0.06157173588871956,-2.5498759746551514,2.209434747695923,-3.471353769302368,2.3087503910064697,-3.6522653102874756,-2.1085150241851807,-3.4108150005340576,-0.09663441777229309,-4.457316875457764,-2.7863192558288574,1.0836451053619385,-4.089416027069092,1.1785227060317993,-4.5471391677856445,-4.740442276000977,-2.7837603092193604,-1.475006103515625,-3.256486177444458,-0.014747798442840576
Y_Close (2).wav,0.02672719769179821,926.9787977754708,1312.3655624735784,1784.88720703125,0.034814453125,-399.8189392089844,169.90423583984375,12.903714179992676,23.7053165435791,-0.7138511538505554,17.347639083862305,-0.9916265606880188,4.721502780914307,-17.889997482299805,-8.48947525024414,-4.747227668762207,-1.2984346151351929,2.9394848346710205,-1.2385456562042236,11.622696876525879,-9.284097671508789,-0.42474037408828735,-0.07270533591508865,3.6978847980499268,-0.532508373260498,-4.6701273918151855,2.101715326309204,-5.347670078277588,-0.6843187808990479,-4.498805046081543,-3.8840012550354004,-6.217228412628174,-1.781337857246399,-3.1180388927459717,-2.558075189590454,0.8491023182868958,-1.920739769935608,-1.5982191562652588,-5.081052780151367,-2.292175054550171,-1.9342474937438965,2.1963295936584473,-4.299848556518555,-3.2753000259399414
Y_Close (3).wav,0.03695458173751831,1080.8187545195938,1388.3237127269604,2234.06982421875,0.04194697627314815,-367.27740478515625,158.24765014648438,6.207553386688232,27.602144241333008,-2.4974443912506104,22.249252319335938,-2.496249198913574,0.0789705216884613,-20.339725494384766,-8.87488842010498,-3.752297878265381,-5.423299789428711,-0.6132911443710327,-3.6329526901245117,13.709900856018066,-7.755398273468018,-0.32940787076950073,0.1922311633825302,0.7844399213790894,2.370957612991333,-2.2129557132720947,4.322908401489258,-3.125434398651123,-1.3782871961593628,-1.3439555168151855,-5.895180702209473,-7.019464492797852,-0.4078637361526489,-6.1634979248046875,-2.4781641960144043,-1.826634407043457,-5.340404510498047,-0.9476295709609985,-4.714258670806885,-2.63444185256958,1.0587636232376099,4.382382869720459,-3.8765389919281006,3.146256446838379
Y_Close (6).wav,0.020764406770467758,1001.8554450300032,1394.681327578955,1988.232421875,0.03804310581140351,-418.72662353515625,154.13735961914062,12.510780334472656,26.97330665588379,5.55248498916626,18.725902557373047,-1.91498863697052,4.908604621887207,-12.265647888183594,-4.493145942687988,-6.565718173980713,-9.072725296020508,7.399044036865234,3.445861577987671,6.538633823394775,-6.397775173187256,3.460169553756714,1.27301025390625,0.3665429949760437,3.1310484409332275,-0.3257506191730499,-0.6610924005508423,-2.7865724563598633,1.5160024166107178,-5.352829456329346,-5.056052207946777,-1.413036584854126,1.8602286577224731,-4.319047927856445,-2.697399377822876,-1.3858733177185059,-2.4638397693634033,1.3615442514419556,-5.001420021057129,-2.3091535568237305,1.5731087923049927,1.7515844106674194,-3.274290084838867,-1.984252691268921
Y_Close (7).wav,0.021394073963165283,1033.2830681400947,1418.7541866865045,2014.3332741477273,0.04372336647727273,-399.5495910644531,166.330322265625,7.63264799118042,31.18728256225586,-8.886041641235352,25.118247985839844,-13.577027320861816,3.775449275970459,-22.942535400390625,-5.837618350982666,0.42395544052124023,-9.730020523071289,3.3918771743774414,-8.700515747070312,4.538872241973877,-8.42773723602295,3.3158998489379883,4.323376655578613,0.03788364306092262,0.9541236162185669,2.6921284198760986,1.857534408569336,-2.2406387329101562,2.171785354614258,-11.20138931274414,-1.6349592208862305,-3.8313207626342773,0.7798550724983215,-0.8533710241317749,-5.19149923324585,-0.9186582565307617,-4.465850830078125,-2.6998331546783447,-4.540516376495361,-1.2467306852340698,-0.10819793492555618,0.9740095138549805,-3.27583646774292,-2.025648832321167
Y_Close (8).wav,0.03130523860454559,812.2930555428927,1136.9402774837204,1503.8250732421875,0.03560791015625,-407.11761474609375,168.37246704101562,13.752642631530762,25.905101776123047,4.31168270111084,19.49871826171875,1.7920821905136108,4.467260837554932,-17.312524795532227,-13.443881034851074,-11.089080810546875,-12.153544425964355,5.1029372215271,4.27217960357666,6.795283317565918,-5.433101654052734,5.515260219573975,2.3714327812194824,-0.9303861856460571,3.8496041297912598,-0.9577075839042664,-1.1043825149536133,-3.4250359535217285,-1.4879528284072876,-4.885889530181885,-4.853316307067871,-3.6106231212615967,-1.9747117757797241,-7.5412917137146,-4.000977039337158,-0.8581565618515015,-2.727222442626953,-0.4292357563972473,-6.035736083984375,-2.76080322265625,3.9223945140838623,2.0702903270721436,-4.902281284332275,0.2814764082431793
Y_Open (1).wav,0.028339361771941185,935.3704584400323,1252.430767892837,1840.550537109375,0.03994140625,-401.85009765625,161.9859619140625,3.4445793628692627,25.184478759765625,9.620986938476562,17.56357765197754,-2.1874840259552,-1.5048484802246094,-7.858244895935059,-8.140645980834961,-11.18010139465332,-4.1193437576293945,-0.220371812582016,-3.4395012855529785,8.883668899536133,-4.350592136383057,6.496912956237793,2.79630446434021,-6.408914089202881,-0.8470422029495239,-1.8131824731826782,1.0662907361984253,1.3899905681610107,4.017873764038086,-0.8674945831298828,-4.664470672607422,-7.171928405761719,-7.166987419128418,-7.028163909912109,-4.381165504455566,-3.990233898162842,-1.3681857585906982,0.7714709043502808,-3.447968006134033,-1.8584785461425781,0.9278870820999146,1.3870106935501099,-3.9496283531188965,1.3983147144317627
Y_Open (2).wav,0.024935195222496986,961.4352142362928,1280.6885545005218,1817.0883178710938,0.043426513671875,-402.6119079589844,163.8285369873047,2.065629243850708,23.2647647857666,6.257191181182861,26.868696212768555,-5.923999786376953,3.165468215942383,-7.53865385055542,-4.666576385498047,-10.530635833740234,-10.367561340332031,2.278055191040039,0.2602526843547821,13.797096252441406,-2.6903598308563232,5.774774074554443,0.9167830348014832,-1.3533176183700562,3.4989187717437744,-0.5993216037750244,-0.21564853191375732,-1.0026334524154663,2.4768762588500977,-4.582070350646973,-3.3501713275909424,-3.107421636581421,1.051470398902893,-4.91957950592041,-2.1856160163879395,-0.36496615409851074,-5.376931667327881,0.7405444979667664,-4.199268341064453,-0.9365260601043701,4.20623779296875,2.5267837047576904,-4.316947937011719,-2.4865894317626953
Y_Open (4).wav,0.03568217530846596,1140.4729169827638,1530.121804356551,2288.1368885869565,0.04491126019021739,-373.7779235839844,143.54864501953125,6.474977493286133,29.460325241088867,6.150702476501465,23.589872360229492,-2.4675400257110596,6.924372673034668,-13.683281898498535,-6.575809478759766,-11.321017265319824,-8.915321350097656,1.552005410194397,-0.34140413999557495,12.174066543579102,-7.3064188957214355,5.334230899810791,-2.3848464488983154,-0.10050588101148605,2.930929183959961,-3.1495141983032227,2.7643654346466064,1.0411795377731323,2.7459800243377686,-5.324051856994629,-5.188911437988281,-6.930098056793213,-1.9783023595809937,-5.608996868133545,-1.330162763595581,0.024953028187155724,-2.7231781482696533,0.11875629425048828,-6.9882402420043945,-1.8080780506134033,-0.30352649092674255,-0.2310069501399994,-3.231292724609375,0.47482988238334656
Y_Open (5).wav,0.03600567206740379,1056.3094972046233,1407.1848224007895,1988.8604736328125,0.0401611328125,-385.60406494140625,152.7705535888672,9.941554069519043,26.9008846282959,5.189549922943115,17.740936279296875,-0.013129711151123047,4.343908786773682,-22.188119888305664,-8.415486335754395,-6.977039337158203,-11.162552833557129,-1.8611385822296143,-2.1382579803466797,11.317004203796387,-6.294841766357422,5.361310005187988,0.18239498138427734,-1.9444793462753296,4.700013637542725,-0.16396474838256836,2.401118278503418,-0.6723576784133911,-0.6118094325065613,-6.066147327423096,-4.470731258392334,-6.114789009094238,-2.947686195373535,-3.7474098205566406,-2.130202531814575,-2.305177927017212,-1.8071225881576538,1.7978324890136719,-5.2156829833984375,-3.4264304637908936,0.2961760461330414,1.6020978689193726,-4.170943260192871,0.7908806800842285
Y_Open (6).wav,0.03400200605392456,1008.9865430232201,1358.8503873410773,1945.6036823551829,0.03862185594512195,-380.79095458984375,160.1436767578125,2.0887513160705566,30.029136657714844,5.290590763092041,20.794803619384766,2.519439697265625,5.035614967346191,-17.24298095703125,-8.828947067260742,-8.49799633026123,-9.930054664611816,-2.7131521701812744,-4.762217998504639,9.760371208190918,-5.693449974060059,5.62399435043335,0.005580948665738106,-0.8973160982131958,6.622781276702881,-0.7373157143592834,-1.1240745782852173,-2.151732921600342,0.05331902205944061,-4.850998878479004,-2.0918500423431396,-4.788035869598389,-1.2125606536865234,-5.763754367828369,-4.1803460121154785,0.7694264054298401,-2.800539255142212,2.0291340351104736,-4.971916198730469,-4.653666019439697,0.8445612192153931,1.1450862884521484,-1.555600643157959,0.41947314143180847
Y_Open (7).wav,0.03068627044558525,876.3467681097948,1233.129724061403,1676.0699932391826,0.03977614182692308,-395.4114990234375,170.21255493164062,6.00618314743042,26.90177345275879,4.110812187194824,27.775047302246094,-6.547084331512451,-0.12378200143575668,-18.949474334716797,-10.335164070129395,-7.5682172775268555,-8.009148597717285,0.17923863232135773,-1.093016266822815,17.61669158935547,-5.731742858886719,2.242887496948242,1.552140712738037,-1.6821916103363037,1.4725674390792847,-1.2383193969726562,1.0809725522994995,-1.7361444234848022,3.0211100578308105,-1.3449254035949707,-0.32676875591278076,-5.408058166503906,-3.0800068378448486,-6.853187084197998,-5.58956241607666,-2.3354902267456055,-2.160875082015991,4.022696495056152,-5.829363822937012,-4.6231608390808105,0.13660797476768494,-0.21118952333927155,-3.0330934524536133,-1.4921011924743652
Y_Open (9).wav,0.03128267079591751,1036.6053313260488,1301.6881370385286,1890.9156976744187,0.054778343023255814,-380.638671875,157.31625366210938,-0.31588661670684814,12.79944133758545,4.079955577850342,23.255558013916016,4.633215427398682,-0.9691776037216187,-11.309393882751465,-6.252172470092773,-13.20169448852539,-5.931517124176025,0.7028198838233948,1.1608562469482422,10.48214340209961,-2.9954347610473633,6.027675151824951,0.09790538251399994,-2.0928313732147217,-1.4904792308807373,-1.5513451099395752,1.455402135848999,0.42491021752357483,2.760484218597412,-6.665657997131348,-3.5705487728118896,-5.831320285797119,-4.349388599395752,-7.235958576202393,-3.9683685302734375,-0.5838203430175781,-3.3796002864837646,1.5942939519882202,-2.7930846214294434,-0.22519880533218384,2.945420265197754,-1.0195868015289307,-6.783811569213867,-0.6944299936294556
Y_Random (1).wav,0.02359773777425289,938.1051251959974,1346.4880010363966,1771.9897825326493,0.0364316114738806,-424.1030578613281,148.15664672851562,9.40467357635498,27.192432403564453,20.853193283081055,24.69085693359375,-3.326129198074341,-2.3087828159332275,-10.064923286437988,-2.571040391921997,-4.392273426055908,-0.1883874535560608,2.785806655883789,-1.4565528631210327,7.496083736419678,-4.58340311050415,1.085084080696106,-4.680927753448486,1.5209630727767944,0.7837744355201721,-3.303567886352539,5.138473033905029,0.7034914493560791,0.6570444107055664,-3.1351206302642822,-1.2011593580245972,-3.8483097553253174,-1.3726015090942383,-4.6545281410217285,-4.543210029602051,-1.5214850902557373,-4.503113746643066,1.1613813638687134,-0.9369928240776062,-3.0316126346588135,-1.0274157524108887,0.00961149949580431,-3.6124987602233887,1.9498363733291626
Y_Random (11).wav,0.03207012638449669,901.3528028339945,1237.1339888583832,1680.2231732536766,0.03666896446078431,-399.0437316894531,156.59634399414062,5.345919132232666,25.21526336669922,15.166574478149414,20.24250602722168,-7.944395542144775,-0.5624468922615051,-6.228059768676758,-1.1621414422988892,-6.05945348739624,-11.818861961364746,-0.5034850239753723,0.5146947503089905,5.730808734893799,-1.250596523284912,1.3003944158554077,-4.338771343231201,3.3492698669433594,-0.5209414958953857,-3.88482928276062,2.12247633934021,-4.050721645355225,-3.416659116744995,-3.7513561248779297,1.3228535652160645,-3.928419589996338,-4.139033794403076,-7.132053852081299,-6.567428112030029,-0.7391811609268188,-2.0497567653656006,-1.6056820154190063,-2.16508150100708,-1.1059104204177856,-2.6275413036346436,1.1166623830795288,-1.7028279304504395,1.448286771774292
Y_Random (12).wav,0.02686130814254284,866.1500771413988,1181.2437144271573,1568.2228088378906,0.03676605224609375,-404.5762939453125,154.1847381591797,11.191938400268555,14.837145805358887,10.807994842529297,15.176828384399414,-1.1198720932006836,-8.591032028198242,-10.33017349243164,-1.247849464416504,2.2534124851226807,1.3314794301986694,2.225386619567871,3.7304296493530273,6.861269950866699,0.40530216693878174,-0.0004914999008178711,-5.282814025878906,1.4552338123321533,-1.2143924236297607,-3.3583924770355225,3.5603246688842773,-1.755703091621399,0.134905606508255,1.6166175603866577,-0.11029887199401855,-4.452468395233154,0.272987425327301,-2.8770999908447266,-5.913159370422363,0.06657534837722778,-3.6066858768463135,-2.1984519958496094,-2.5837273597717285,-4.479484558105469,-1.4707658290863037,-0.18476682901382446,-1.695265531539917,3.353618621826172
Y_Random (13).wav,0.028019728139042854,1183.8048239282928,1349.7272081265116,2186.004638671875,0.06175885881696429,-401.7122497558594,143.6226348876953,0.006799902301281691,29.0943660736084,15.270005226135254,26.290597915649414,-12.974433898925781,-0.6661624908447266,-10.60959529876709,-5.0568366050720215,-4.516164302825928,-4.585661888122559,8.317113876342773,-0.15957723557949066,2.1884472370147705,-3.0650203227996826,2.1353135108947754,-7.696831703186035,1.1626147031784058,-5.280592918395996,-8.683547019958496,1.0579580068588257,-6.049196720123291,-0.2941756248474121,1.4912751913070679,1.8854588270187378,-5.913841724395752,-3.4609477519989014,-7.733426570892334,-7.774832725524902,-2.4888217449188232,-2.238199234008789,-3.5797789096832275,-3.2279889583587646,2.371211290359497,-3.315441131591797,1.2679835557937622,-4.737741947174072,-2.0420329570770264
Y_Random (14).wav,0.05182059481739998,867.9493386520816,1206.1956468412423,1629.0252685546875,0.030997140066964284,-353.5402526855469,156.78103637695312,7.309944152832031,25.360750198364258,6.708662509918213,11.855849266052246,-9.135893821716309,-6.5926127433776855,-12.035112380981445,-4.90626859664917,-2.4426467418670654,-3.8537583351135254,2.2141661643981934,-0.9527381658554077,4.7742133140563965,-2.0836408138275146,-0.20235933363437653,-5.827409267425537,1.2508594989776611,-2.392341136932373,-8.427395820617676,1.549127459526062,-5.950765132904053,-4.432041168212891,-1.1204122304916382,-1.768594741821289,-7.067025184631348,-3.7521989345550537,-3.191596269607544,-6.819523334503174,-1.2314670085906982,-4.0710129737854,-7.800158977508545,-2.337655782699585,-4.630795001983643,-6.503214359283447,2.2994158267974854,-4.064377307891846,-0.7200110554695129
Y_Random (3).wav,0.03696058318018913,900.2625898792685,1228.633449662769,1710.7151100852273,0.03592862215909091,-384.608642578125,144.5478057861328,8.870942115783691,20.455148696899414,17.2010555267334,16.101398468017578,-5.819262504577637,-9.045966148376465,-10.5693998336792,-5.0653862953186035,-5.117790222167969,-5.533363342285156,-3.0892174243927,-0.9756208658218384,5.896600723266602,-1.3291116952896118,-3.5156917572021484,-4.4773945808410645,4.611517429351807,1.9054977893829346,-2.875516414642334,2.2073135375976562,0.16430069506168365,-1.4700623750686646,-1.8326009511947632,-2.395261526107788,-4.889465808868408,-1.9592528343200684,-7.021493434906006,-5.936404228210449,-3.3720591068267822,-6.162612438201904,-3.3629558086395264,-1.7931689023971558,-2.8675248622894287,-2.0743370056152344,0.981575608253479,-5.124632358551025,0.4220051169395447
Y_Random (4).wav,0.030798180028796196,1110.5094191785163,1415.4798376344247,2223.2053444602275,0.04757634943181818,-377.86761474609375,147.64105224609375,12.861172676086426,29.303251266479492,7.407220363616943,22.390642166137695,-17.409706115722656,-7.96372127532959,-9.855713844299316,-5.899048805236816,1.5269629955291748,-4.174246311187744,-3.605649471282959,1.6631722450256348,11.857397079467773,-4.5473952293396,-1.0527070760726929,-5.360438823699951,-0.7247877717018127,1.3754198551177979,-3.097490072250366,1.1386523246765137,-4.1023335456848145,-4.730594635009766,-1.0383553504943848,0.32799938321113586,-4.241466522216797,-0.5820333957672119,-4.5860915184021,-3.957624673843384,-5.848853588104248,-5.02835750579834,-0.06032613292336464,-2.647814989089966,-2.9382073879241943,-2.298794984817505,-0.0903058797121048,-5.299747943878174,4.521145820617676
Y_Random (6).wav,0.04317239671945572,1029.4681785689218,1322.8514648067094,1998.2398399939905,0.03900615985576923,-368.7887268066406,147.94424438476562,3.276975154876709,19.193601608276367,12.868070602416992,24.685976028442383,-4.722841739654541,-0.6495836973190308,-13.850519180297852,-9.459362030029297,-5.831490516662598,-1.2135889530181885,3.504894733428955,-1.9359365701675415,8.084814071655273,-2.1183626651763916,1.7624939680099487,-5.602818489074707,1.7312556505203247,2.6184823513031006,-3.9304516315460205,3.1717305183410645,-1.6171011924743652,-1.3814870119094849,-4.112179279327393,-1.4145041704177856,-3.314863681793213,-4.4705400466918945,-6.905909538269043,-4.059534072875977,-1.0415688753128052,-4.420043468475342,-5.923615455627441,-4.035214900970459,-2.4783761501312256,-6.182919025421143,0.48766419291496277,-5.075006484985352,-3.5323164463043213
Y_Random (7).wav,0.03958762064576149,1086.5523947956108,1351.6974463260508,2114.7563032670455,0.04677734375,-375.5180969238281,142.55422973632812,7.776324272155762,18.94303321838379,11.607146263122559,24.32996940612793,-17.486955642700195,-11.793244361877441,-8.351953506469727,-7.332964897155762,1.6309622526168823,-2.085906744003296,-1.2936272621154785,3.8878543376922607,12.200847625732422,-3.754359006881714,-1.8641475439071655,2.9055163860321045,2.5457494258880615,-4.3770432472229,-4.022834300994873,0.2856772541999817,-5.6449666023254395,-0.11392895132303238,1.3714159727096558,0.6609845161437988,-3.82859468460083,-2.1457479000091553,-3.698615312576294,-5.287859916687012,-3.281465768814087,-3.8596673011779785,-1.0423470735549927,-2.6910881996154785,-1.8997405767440796,0.8581362366676331,1.7057507038116455,-3.368691921234131,-0.25121092796325684
Y_Random (8).wav,0.02985885553061962,916.7391244049647,1247.7538470003049,1742.1707153320312,0.038238525390625,-399.21075439453125,149.685546875,15.412179946899414,12.311264991760254,11.929899215698242,17.92926025390625,-5.768254280090332,-0.21610724925994873,-9.218981742858887,-5.275857925415039,-1.0717154741287231,-3.015019416809082,-3.4665331840515137,-2.7651028633117676,6.757621765136719,-3.7258660793304443,-0.35899364948272705,-2.1338984966278076,-0.2110213041305542,-1.1235222816467285,-0.8228373527526855,2.0612754821777344,-4.797903060913086,-1.6268166303634644,-2.6575136184692383,-1.8493331670761108,-3.6321380138397217,-1.4853709936141968,-4.7295403480529785,-7.382219314575195,-4.504726409912109,-4.729310035705566,-2.6228084564208984,-4.449812889099121,-4.0603532791137695,-3.073967695236206,-0.26210376620292664,-3.48602294921875,1.1926883459091187
